신고번호,우범여부,핵심적발
56458804,0,0
64425212,0,0
47734257,0,0
95067668,1,2
52721308,0,0
91698990,0,0
48549863,0,0
60224493,0,0
60559428,0,0
40690430,1,2
75019302,0,0
65973895,0,0
85717344,0,0
60978496,0,0
57488081,0,0
39527130,0,0
40281894,0,0
65606153,0,0
94236388,0,0
25475902,0,0
58593589,0,0
72309459,0,0
14442098,0,0
41237813,0,0
27939224,0,0
21566003,0,0
83326777,0,0
31646420,0,0
20245267,0,0
62556478,0,0
94038542,0,0
16673164,0,0
65219363,0,0
91663111,0,0
90586323,0,0
54604260,0,0
46392935,0,0
94439393,0,0
70861409,0,0
18677994,0,0
69421444,0,0
82722426,0,0
85813623,1,2
24128559,1,2
45202436,0,0
18623746,0,0
86072527,0,0
87506637,0,0
11420072,0,0
42004743,0,0
31163834,0,0
39906789,0,0
23883058,0,0
31757669,0,0
40030723,0,0
56374560,0,0
18393803,0,0
16951557,0,0
21402859,0,0
45032784,0,0
31533856,0,0
86563399,0,0
84400494,0,0
90697646,0,0
61586154,0,0
91351089,0,0
64109430,0,0
81941913,0,0
45060444,1,2
93631888,0,0
84179693,0,0
58959728,0,0
35904044,0,0
38446830,0,0
93291046,0,0
36153924,0,0
26638070,0,0
20873398,0,0
44790336,0,0
20782210,0,0
31550987,0,0
64737750,0,0
65725091,1,1
15346948,0,0
77099674,1,1
45118925,0,0
51346422,0,0
84617742,0,0
74314302,0,0
99975815,0,0
39012700,0,0
53207175,0,0
24922157,0,0
48679680,0,0
23233241,0,0
25619274,0,0
20692041,0,0
51081523,0,0
23004349,0,0
18880416,0,0
34674033,0,0
48224336,0,0
80175471,0,0
21031762,0,0
38216976,0,0
60621074,0,0
61910610,0,0
81976709,0,0
85621986,0,0
24434127,0,0
93262923,0,0
17141865,0,0
71899253,0,0
29421205,1,2
79600797,0,0
26765785,0,0
96313721,0,0
26753778,0,0
55196120,0,0
68130940,0,0
80558593,1,2
74674950,0,0
70580263,0,0
11821692,0,0
96209372,0,0
64937039,0,0
92755930,0,0
35635456,0,0
97903874,0,0
43593085,0,0
74373248,0,0
58817811,0,0
45628499,0,0
62076845,0,0
39651668,0,0
23068997,0,0
31637686,0,0
37990187,0,0
93674498,1,2
77018821,0,0
64436676,0,0
49685598,0,0
90192383,0,0
82376820,0,0
56085362,0,0
57678184,0,0
38160271,0,0
77559296,0,0
81323616,0,0
37823015,0,0
60195861,0,0
86056440,0,0
95321451,0,0
17920633,0,0
47778214,0,0
65263754,0,0
72809048,0,0
18855810,0,0
88172185,1,2
62737639,0,0
27019469,1,2
44236424,0,0
47158212,0,0
15702793,0,0
89285187,0,0
31672507,1,2
67638155,0,0
22837463,0,0
96663073,1,2
12655844,0,0
29307186,1,2
76579272,0,0
38884515,0,0
64399289,0,0
20749489,0,0
84377233,0,0
43910706,0,0
84233410,0,0
42000388,0,0
47230333,0,0
41619746,0,0
21947549,0,0
34486259,0,0
33488225,0,0
86974950,0,0
20086146,0,0
84332158,0,0
67892084,0,0
78519151,0,0
58217496,0,0
99543389,0,0
18751509,0,0
55504833,0,0
27804838,0,0
11552953,1,2
93967463,0,0
50019352,0,0
43554156,0,0
43629182,0,0
15725988,0,0
62468158,0,0
32249753,0,0
77065947,0,0
72814876,0,0
60078906,0,0
38402906,1,2
61621077,1,1
78562639,0,0
31647407,1,2
16361440,1,2
68482282,0,0
58901496,1,1
79106290,0,0
55963519,0,0
67665109,0,0
94180466,0,0
46425047,0,0
94761060,0,0
64615897,0,0
19411987,0,0
44364681,0,0
16072660,0,0
80800920,0,0
99700259,0,0
97677842,0,0
18119577,0,0
69352552,0,0
11429119,0,0
14966693,0,0
93768457,0,0
27509156,0,0
73702182,0,0
52622571,0,0
66805424,0,0
42405996,0,0
53808001,0,0
77844133,0,0
54396453,1,1
23018838,0,0
94120778,0,0
22936065,0,0
72332634,0,0
78329480,1,2
52835551,0,0
11951769,0,0
71311797,0,0
81118968,0,0
69690316,0,0
88005362,1,2
71353947,1,2
87835400,0,0
66097934,1,2
38495865,0,0
31114217,0,0
68348068,0,0
24680246,0,0
37819838,0,0
44226349,0,0
85014372,0,0
50731542,0,0
52309595,0,0
84267547,0,0
33228862,0,0
27057052,0,0
38995808,0,0
94284663,0,0
19753587,0,0
62936471,0,0
64136349,0,0
35378977,0,0
40455157,0,0
27911011,1,1
63266436,0,0
37640710,0,0
21457763,0,0
15757041,0,0
46302727,0,0
63076919,0,0
76248577,0,0
60460200,0,0
51310106,0,0
89126040,0,0
49009838,0,0
74512102,0,0
48671023,0,0
50075754,0,0
65417279,0,0
48122240,0,0
92932077,0,0
90522864,0,0
77848569,0,0
67695177,0,0
34531648,0,0
10095618,0,0
27221548,0,0
58069090,0,0
75224218,0,0
54290222,0,0
84662193,0,0
71393863,0,0
46834824,0,0
57459831,0,0
63763057,0,0
36058243,1,2
91424655,1,2
59033476,0,0
24755644,0,0
13989993,0,0
93396162,0,0
74569361,0,0
96135032,0,0
90766808,0,0
94936811,0,0
30158717,0,0
23086867,0,0
83763587,0,0
65293447,0,0
71132847,0,0
33662359,0,0
72946583,0,0
83640183,0,0
16732080,1,2
68641672,0,0
87706792,0,0
11898029,0,0
20042301,0,0
18864729,0,0
36982327,0,0
83424564,0,0
34151289,1,2
29918639,0,0
59004486,0,0
83354405,1,1
96485914,0,0
31972601,0,0
90461319,0,0
59919028,0,0
74379329,1,2
36442862,0,0
88710691,1,2
89892784,0,0
30233521,0,0
20054152,1,2
41461069,0,0
57428773,0,0
64036956,0,0
53945501,0,0
35803173,0,0
16879039,0,0
69032801,0,0
69372592,0,0
27186092,0,0
18434266,0,0
65638462,0,0
41752975,0,0
29303074,1,2
86422696,0,0
83283503,0,0
54277066,0,0
14260805,0,0
50020338,0,0
84874885,0,0
38525367,0,0
31487665,0,0
28856741,0,0
32036873,1,2
67216324,0,0
92934334,0,0
68074558,0,0
41330300,0,0
13911106,0,0
64295888,0,0
46335326,0,0
88477170,0,0
33048880,0,0
29030650,0,0
29611764,0,0
62077959,0,0
39843600,0,0
89142080,1,2
77138410,0,0
95497508,0,0
41856087,0,0
40748286,1,2
53553549,0,0
44066991,0,0
21803693,0,0
65233345,0,0
27526268,0,0
98727075,0,0
56650397,0,0
38547346,0,0
46998229,0,0
92779206,0,0
13957951,0,0
48639574,0,0
94089447,0,0
86231025,0,0
53786661,1,2
32030703,0,0
61245312,0,0
57823522,0,0
44630436,0,0
78612304,0,0
99249061,0,0
47052744,0,0
30786304,0,0
88902191,0,0
17732413,1,2
67641747,0,0
20698824,0,0
35113633,0,0
28503631,0,0
93635271,0,0
77801555,0,0
62364742,1,2
56207433,0,0
24445883,0,0
17557988,0,0
27292933,0,0
56157573,0,0
59846116,0,0
61104108,1,2
38112064,0,0
69762253,0,0
69449177,0,0
52203695,0,0
96513564,0,0
77506585,0,0
75610977,0,0
10556195,1,2
82094280,0,0
46530576,0,0
77718716,0,0
58226272,0,0
96774181,1,2
12099679,0,0
35495852,0,0
35099648,0,0
29973151,0,0
14536867,0,0
28095906,0,0
47221006,0,0
74079966,0,0
92730715,1,1
70868317,0,0
30570259,0,0
32809839,0,0
15113392,0,0
52912655,0,0
64733484,0,0
84224414,0,0
78177218,0,0
12717209,0,0
92839637,0,0
54722017,1,2
91850311,0,0
97026247,0,0
35887032,0,0
21215830,0,0
28934282,1,2
68680082,0,0
57170696,0,0
51504729,0,0
52618627,0,0
53127638,0,0
26643337,0,0
75137886,0,0
25755484,0,0
63546554,0,0
44689917,0,0
72730710,0,0
30256594,0,0
22071205,0,0
76716574,0,0
77523423,0,0
26760798,0,0
43091073,0,0
88654172,0,0
62727145,0,0
66318521,0,0
22077423,0,0
84518800,0,0
77863833,0,0
74249819,1,2
91854181,0,0
23742605,0,0
28449332,0,0
62757407,0,0
75443863,0,0
59463872,0,0
86602349,1,2
26847491,0,0
11909874,0,0
92166558,0,0
93434673,0,0
94655033,1,2
14492921,0,0
18246665,0,0
61323552,0,0
91970104,0,0
79501000,0,0
21355890,0,0
42680385,0,0
50865430,0,0
12742950,0,0
28022055,0,0
95220821,0,0
90871962,0,0
27910301,0,0
62787079,0,0
92814343,1,2
95489242,0,0
75133281,0,0
89054561,1,2
26581990,0,0
28679060,0,0
60495004,0,0
93245824,0,0
99730128,0,0
58594318,1,2
37934898,1,2
90383667,0,0
71052594,1,2
13976118,0,0
42799525,0,0
12380751,0,0
59370533,1,2
81904964,0,0
69426542,0,0
40907446,0,0
72430801,0,0
41902599,0,0
84825349,0,0
55566702,0,0
83132257,0,0
73107466,0,0
84769321,0,0
13615415,1,2
38543807,0,0
10820496,0,0
55836113,0,0
42471344,0,0
30941035,0,0
97584395,0,0
57267634,0,0
33336506,0,0
47300213,0,0
80650350,0,0
78429977,0,0
78165512,0,0
44036280,0,0
68450188,0,0
86205292,0,0
50068577,0,0
61422266,0,0
27248748,0,0
44467954,1,2
10278156,0,0
18899364,0,0
63534393,0,0
83536208,0,0
29748287,0,0
19780188,0,0
39576268,1,1
78645270,0,0
54640584,0,0
92115930,0,0
71062814,0,0
57257360,0,0
41368082,0,0
70832633,0,0
14662727,0,0
34478837,0,0
44166190,0,0
14695889,0,0
40058448,0,0
65718899,0,0
66377929,0,0
52887810,0,0
58650221,0,0
23828162,0,0
35808921,0,0
73762876,0,0
19117308,1,1
68552800,0,0
92752397,0,0
20497983,1,2
48536143,0,0
49895381,0,0
78622928,0,0
11674488,0,0
51246566,0,0
23502058,0,0
56985733,0,0
64010977,0,0
65550823,0,0
50129199,0,0
22515456,0,0
81509414,0,0
79794184,0,0
86068758,0,0
40002259,1,2
27062421,0,0
88533882,0,0
44188422,0,0
63108978,0,0
34056967,0,0
46038409,0,0
53976831,0,0
87705185,0,0
72897040,0,0
24308455,0,0
19232209,0,0
89494924,0,0
52350179,0,0
82890741,0,0
13121251,0,0
24410648,0,0
11627885,0,0
42189833,1,2
60449551,0,0
10806516,0,0
14799054,0,0
66179426,0,0
83626715,0,0
31183499,1,2
54441192,0,0
11742194,1,2
93777957,0,0
86354869,0,0
58582858,0,0
40073854,0,0
18295784,0,0
34071933,0,0
51970538,0,0
77552580,0,0
93252604,0,0
20655403,0,0
69155894,0,0
36976512,0,0
40120253,0,0
74627917,0,0
15659839,0,0
58527107,0,0
77281532,0,0
77475338,0,0
55391123,0,0
15759081,0,0
75608787,0,0
99862422,0,0
74617145,1,2
50959124,0,0
59988297,0,0
65950897,0,0
50832167,0,0
52497186,0,0
47827103,0,0
67091855,1,2
41421111,0,0
87443163,0,0
86522735,0,0
73236078,0,0
79907877,1,2
50434028,0,0
32146817,0,0
97869956,0,0
56991427,0,0
41419878,0,0
63698190,0,0
82981199,0,0
38690231,0,0
47733416,1,2
92863023,0,0
99983941,0,0
78738691,0,0
90270373,0,0
46532972,1,2
41520875,0,0
46522339,1,2
20835937,0,0
29892206,0,0
66180349,0,0
23775435,0,0
75637457,0,0
29259663,0,0
85406421,0,0
72747923,0,0
61049388,1,2
47737405,0,0
61740797,0,0
83080998,0,0
98162058,0,0
94797323,0,0
40323880,0,0
42261258,0,0
92493043,0,0
27513876,0,0
49601283,0,0
31028813,0,0
10432701,0,0
33039088,0,0
77885259,1,2
22098991,0,0
51473886,0,0
47661682,0,0
54335027,0,0
63857979,0,0
92578071,0,0
92239210,0,0
38194211,0,0
72454822,0,0
59778032,0,0
17233976,1,2
87173788,0,0
53399060,0,0
62169887,0,0
67599677,0,0
99735019,1,1
67156381,0,0
23133288,0,0
43632349,0,0
53868227,1,2
67996409,0,0
78209828,0,0
16795915,0,0
48432835,0,0
92808071,0,0
98019006,0,0
98583640,1,1
49713824,0,0
86303370,0,0
75061766,0,0
27014251,1,2
34235754,0,0
52392149,0,0
46076034,0,0
67661009,1,2
13942615,0,0
96018619,0,0
51447103,0,0
93503065,0,0
59823878,1,2
20469389,0,0
33776973,0,0
71330237,0,0
52063996,1,2
50083311,1,2
41872234,0,0
39736931,0,0
24892918,0,0
87571795,0,0
17323568,0,0
22339460,0,0
75277488,0,0
28139195,0,0
24804850,0,0
61075664,1,2
31577278,0,0
25723344,0,0
19701938,0,0
38688850,0,0
58427059,0,0
93311707,0,0
29611896,0,0
22608151,0,0
39581359,0,0
26787082,0,0
15959041,0,0
32038470,0,0
21183279,0,0
70435054,0,0
71195283,0,0
60774816,0,0
48988184,1,1
19355939,0,0
29766815,0,0
95614978,0,0
25937303,0,0
56018467,0,0
56139232,0,0
32209410,0,0
69518626,0,0
73620114,0,0
14194047,0,0
69419428,1,2
21150053,0,0
69881213,0,0
90663582,0,0
48614868,0,0
35036765,0,0
12016267,0,0
81099637,0,0
43233048,0,0
64903390,0,0
28662399,0,0
90375583,1,2
62992082,0,0
67433381,0,0
36587237,0,0
39591211,0,0
12814304,0,0
18182213,0,0
58242455,0,0
46300535,0,0
30386239,0,0
92696204,0,0
84603242,0,0
87418586,0,0
46245469,0,0
99972904,0,0
38607585,0,0
60391339,0,0
77012893,0,0
47520595,0,0
98597105,0,0
53691643,0,0
23785753,0,0
95247408,0,0
46790778,0,0
87613099,0,0
24827846,0,0
97472776,0,0
47386883,0,0
53709912,0,0
81764268,0,0
81135820,0,0
25554254,0,0
86249785,0,0
51996883,0,0
13007318,0,0
20203566,0,0
68609060,0,0
41624777,0,0
10847839,0,0
40061032,0,0
19328664,0,0
19383293,0,0
46749455,0,0
73594616,0,0
63797418,0,0
88781136,0,0
84714983,0,0
39957922,0,0
88957702,0,0
68372819,0,0
13437760,0,0
90848990,0,0
22717527,0,0
60113907,0,0
41375807,0,0
61750193,0,0
73881266,0,0
12923392,0,0
21945933,0,0
56041318,0,0
59900375,1,2
98258939,0,0
13832719,1,2
38861083,0,0
81972978,0,0
62236451,0,0
49162156,0,0
96405099,0,0
68751628,0,0
67677751,0,0
97930777,0,0
93144499,0,0
74207663,0,0
34957183,0,0
26186000,0,0
71330794,0,0
99918705,0,0
35537838,0,0
20082519,0,0
96394473,0,0
60640786,0,0
16425760,0,0
95313009,0,0
36773680,0,0
64137576,0,0
10983463,0,0
82925448,0,0
42653824,0,0
10011895,0,0
48532336,0,0
51017500,0,0
66782060,0,0
88547699,0,0
59509304,0,0
73449676,0,0
12263199,0,0
44765416,0,0
21350194,0,0
75842461,0,0
21740960,0,0
70959114,0,0
51918769,0,0
48437971,0,0
51087044,0,0
96552011,0,0
61412174,0,0
44464371,0,0
93136512,0,0
14910854,1,2
73505473,0,0
59214150,0,0
52038039,0,0
44086147,0,0
30282308,0,0
61949477,0,0
27997777,0,0
71243056,0,0
38714206,0,0
55870786,0,0
31120591,0,0
82769249,0,0
91253484,0,0
59230664,1,2
88957958,0,0
61470352,0,0
55558075,0,0
44057666,0,0
54897436,0,0
53324320,0,0
52114429,0,0
41156835,0,0
77006853,0,0
40301992,0,0
92691285,0,0
90271203,0,0
25525350,1,2
23918078,0,0
79021004,0,0
29130086,0,0
93347165,0,0
42937492,0,0
68908901,0,0
24912947,0,0
98060832,0,0
52538183,0,0
47950848,1,2
21738047,1,2
17784721,0,0
20887625,1,1
66496830,1,2
86912736,0,0
68462817,0,0
60014725,0,0
92752219,0,0
29822089,1,2
39975578,0,0
82800046,0,0
65452555,0,0
74189099,0,0
78934983,0,0
13009777,1,2
38899192,0,0
75847665,0,0
79431120,0,0
98965076,0,0
33762459,0,0
60691495,0,0
58243171,0,0
78564535,0,0
76185778,0,0
77831401,0,0
32005653,0,0
79871019,0,0
86401730,0,0
75058135,1,2
38808635,0,0
88589520,0,0
69369777,0,0
56563204,0,0
37199156,0,0
50664088,0,0
31082556,0,0
25138475,1,2
86301669,0,0
50293803,1,2
23461420,0,0
96879414,0,0
29452622,0,0
18115815,0,0
98132653,0,0
85510770,0,0
78789066,0,0
52391293,0,0
71431412,0,0
93150314,1,2
14110892,0,0
38217791,0,0
69067393,0,0
89104217,0,0
61590518,0,0
86620713,0,0
23911986,0,0
13044370,0,0
90131040,1,2
21934183,0,0
82341388,0,0
51750263,0,0
63510430,0,0
33357178,1,2
23078238,0,0
12868896,0,0
99171471,0,0
61538031,1,1
60892676,0,0
36413050,0,0
85778083,0,0
20597719,0,0
64094528,0,0
17624145,0,0
36631010,0,0
90144943,0,0
73687143,0,0
53906032,0,0
92342476,0,0
33222957,0,0
30128943,1,2
58738861,0,0
28504648,0,0
46372366,0,0
30947369,0,0
60362420,0,0
21351953,0,0
54033362,0,0
31565499,0,0
36845112,0,0
24433761,1,2
13901986,0,0
72123344,0,0
28535865,0,0
58996013,0,0
19870515,0,0
65222232,0,0
32337236,1,2
21091394,0,0
27419381,0,0
94860584,0,0
76191149,0,0
14384508,0,0
18153212,1,1
10803561,0,0
18618617,0,0
90486062,0,0
71633111,0,0
75846701,0,0
83256439,0,0
64825845,0,0
33056127,0,0
32750118,0,0
19608963,0,0
96072459,0,0
72964223,0,0
35210223,0,0
60315311,0,0
66703494,0,0
89284310,0,0
97910395,0,0
10581667,0,0
73148950,0,0
72792772,0,0
48486933,0,0
85693069,0,0
94540691,0,0
89798891,0,0
62575860,0,0
93929795,0,0
53049641,0,0
85809032,0,0
16981439,0,0
58022972,0,0
10772066,0,0
75135434,0,0
72280170,0,0
82689748,1,1
49392778,0,0
90707604,0,0
80558960,0,0
99954275,0,0
68854227,0,0
99812453,0,0
50137958,0,0
90146824,0,0
18731187,0,0
99004815,0,0
14241608,0,0
72968984,0,0
54086861,1,2
42811672,0,0
30720426,0,0
75557788,0,0
85616895,0,0
33021211,0,0
92417829,0,0
52143693,0,0
49881881,0,0
55940764,1,2
69746289,0,0
34327923,0,0
10488243,0,0
82699101,1,2
70859171,0,0
31509826,0,0
22671194,0,0
80164449,0,0
20033494,0,0
51255360,0,0
14726004,0,0
94944659,0,0
81838444,0,0
52108927,0,0
58224831,0,0
57982721,0,0
75327628,0,0
80019283,0,0
53100438,0,0
26470943,0,0
74710616,0,0
82760781,0,0
35948424,0,0
13804316,0,0
18725420,0,0
11953978,0,0
38019188,0,0
22619362,0,0
57569468,0,0
78079309,0,0
42385734,0,0
99385427,1,2
54906021,0,0
21860796,0,0
26672239,1,2
90626073,0,0
18222567,0,0
13303677,0,0
37656314,0,0
29095093,0,0
67786982,0,0
41322307,0,0
13078381,0,0
30030662,0,0
83454465,0,0
10175874,0,0
23055165,0,0
85908987,0,0
76608256,1,2
89455878,0,0
31212439,0,0
72274983,0,0
86312478,1,2
18422452,0,0
83654147,0,0
25499951,0,0
63948423,0,0
78147359,1,2
12410639,0,0
12911150,0,0
18720977,0,0
22252266,0,0
68622438,0,0
90211986,0,0
35843463,0,0
74199911,0,0
71815603,0,0
40512086,0,0
82441558,0,0
48768396,0,0
39841615,0,0
59054699,0,0
86691170,0,0
40099878,0,0
40357349,1,2
79010808,0,0
79448408,1,2
71995607,0,0
27638624,0,0
63757650,0,0
42651015,0,0
77139883,0,0
56690809,0,0
20943826,0,0
49006815,1,1
95675005,1,1
34978408,0,0
98753438,0,0
13288965,1,2
80130712,0,0
19698237,0,0
85174953,0,0
75129844,0,0
95270733,0,0
72191222,0,0
66379205,1,1
99106263,0,0
77074064,0,0
96335875,0,0
44571446,0,0
77571246,0,0
28807936,0,0
24819886,0,0
29729032,1,2
34319261,0,0
73671433,1,2
92624916,0,0
20123795,0,0
18415104,0,0
81141460,1,2
36396343,0,0
11590856,0,0
79170714,0,0
97517451,0,0
83517586,0,0
12168344,0,0
65990923,0,0
25526815,0,0
15572606,0,0
16835569,0,0
84375323,0,0
94820714,0,0
12553552,0,0
88829392,0,0
77663660,1,2
38887480,0,0
47413250,1,2
79049553,0,0
14857447,0,0
95903857,0,0
89864598,0,0
77464003,1,2
77026107,0,0
10912132,0,0
34707452,0,0
47954581,0,0
47231810,0,0
91698946,0,0
91982305,0,0
42921892,0,0
94031006,0,0
20364764,0,0
89966754,0,0
78554569,0,0
77126842,0,0
74550597,0,0
25151990,0,0
67884586,1,2
32796550,0,0
89874399,0,0
48390212,0,0
52373087,0,0
12181555,0,0
71806062,0,0
54865573,0,0
88292105,0,0
82019767,0,0
11722149,0,0
69063091,0,0
54274628,0,0
12725614,0,0
26754953,1,2
25377106,0,0
93840647,1,2
39123591,0,0
51393955,1,2
27110376,0,0
36619295,0,0
48024826,0,0
83706959,0,0
88375634,0,0
38373197,0,0
18352749,0,0
22755025,1,2
58156347,0,0
69742475,0,0
77515938,0,0
80912264,0,0
13075395,0,0
71882710,0,0
80640159,0,0
51608774,1,2
14263044,0,0
23582522,0,0
53568168,0,0
40394179,0,0
13242775,0,0
14626042,0,0
94181953,1,2
64894860,0,0
55863693,0,0
65581535,0,0
98132435,0,0
31491293,0,0
66055832,0,0
70622397,1,2
47687928,0,0
52814544,0,0
16236237,1,1
30529547,0,0
55059085,0,0
28529707,1,2
58102002,0,0
56649819,0,0
95122398,0,0
65744631,0,0
47354150,0,0
45017507,0,0
75358128,1,1
96498541,0,0
60111876,1,1
13870237,1,2
21283710,0,0
47186842,0,0
58002137,1,2
12540856,0,0
96323081,0,0
18518309,0,0
32413014,0,0
28618665,0,0
59759588,1,2
33296250,0,0
86544774,0,0
12843033,0,0
82198734,1,2
58817367,0,0
27597620,0,0
50973718,0,0
85928094,0,0
29035590,0,0
51018600,0,0
29115544,0,0
51989279,0,0
57558042,0,0
92619628,0,0
58190733,0,0
10085381,0,0
58858383,1,2
20805591,0,0
42802735,0,0
91237237,0,0
16453931,0,0
17439209,0,0
88356434,0,0
32130491,0,0
60713805,0,0
70077531,0,0
45200323,0,0
12556767,0,0
14518085,0,0
44698046,0,0
38040362,0,0
34917857,0,0
78525090,0,0
36501823,0,0
48077669,0,0
29520595,0,0
51116629,1,2
87430500,0,0
40352734,0,0
64750762,0,0
55796416,0,0
78905750,0,0
43286188,0,0
72268991,0,0
29246475,0,0
22382329,0,0
43172546,0,0
53964957,0,0
85809828,0,0
18689385,0,0
86951591,0,0
21927038,0,0
95414153,0,0
27611245,0,0
35378146,0,0
41338534,1,1
57397748,0,0
82558817,0,0
94271649,0,0
70842982,0,0
99086334,0,0
50401462,1,2
55853543,1,2
68159372,0,0
49863154,0,0
70744408,0,0
89005964,0,0
42718753,0,0
40975395,0,0
57313731,0,0
42947183,0,0
48045791,0,0
73054745,0,0
72022685,1,2
83506268,0,0
25758461,0,0
70071958,0,0
73924002,1,2
25194588,0,0
93849213,0,0
87415871,0,0
29669698,0,0
47826499,0,0
91133914,0,0
42593299,0,0
89705340,0,0
54011517,0,0
92497883,0,0
81921302,0,0
11051799,0,0
97383550,1,2
46243226,0,0
43521836,0,0
78919667,0,0
25211562,0,0
73325267,0,0
36235704,0,0
43857272,0,0
29549650,0,0
86637714,0,0
43830271,0,0
54694628,0,0
35181050,0,0
85703288,0,0
58666888,0,0
53386308,0,0
13274122,0,0
37530290,0,0
89780665,0,0
17043632,0,0
14673655,0,0
23428942,0,0
98644974,0,0
68311676,0,0
99408501,0,0
70453682,0,0
11011442,1,2
50938637,0,0
38105136,0,0
48301502,0,0
81417885,0,0
11547639,1,1
12205616,0,0
87368206,0,0
64948866,0,0
92814862,0,0
19401308,0,0
15568162,0,0
80810040,0,0
92980015,1,2
94368630,0,0
86813809,0,0
48174271,0,0
53416466,0,0
40221837,0,0
66544626,0,0
55577963,0,0
40033789,0,0
32735574,0,0
35449140,0,0
12381731,1,2
17866901,0,0
54082819,0,0
58662821,1,1
66696883,0,0
61586081,0,0
14433032,0,0
31009299,0,0
28874338,0,0
26784647,0,0
53681884,0,0
62091158,0,0
94688482,0,0
84270957,0,0
95816238,1,1
83991560,0,0
10621911,0,0
73722628,0,0
18118283,0,0
60879244,0,0
48574677,0,0
50718645,0,0
61828764,0,0
92832623,0,0
88539208,0,0
51415717,0,0
88500968,0,0
69991121,0,0
54681421,0,0
26530845,0,0
85915116,0,0
86458045,0,0
62552632,0,0
90322227,0,0
90412792,0,0
86352628,0,0
42906192,0,0
79877671,0,0
21732688,0,0
25318425,0,0
29218972,0,0
39292578,0,0
23428554,0,0
28178307,0,0
89485250,0,0
85168544,1,2
17918235,1,2
29702674,0,0
59612909,0,0
54765309,0,0
12192411,1,2
95425522,0,0
90639978,0,0
71727966,0,0
51342685,1,2
17743335,0,0
47927853,0,0
81584315,0,0
27756992,0,0
24205073,0,0
15873126,1,1
91573184,0,0
58532174,0,0
96981473,0,0
58449029,0,0
81558813,0,0
50548115,0,0
96827580,0,0
56231116,0,0
76657501,0,0
99607380,0,0
48287378,0,0
70117131,0,0
14111231,0,0
95533850,0,0
97813181,0,0
69116815,0,0
39473923,0,0
54550664,0,0
84062956,0,0
64519474,0,0
95778350,0,0
72087276,0,0
82903185,0,0
12021571,0,0
44874391,0,0
10511196,0,0
22153801,0,0
70286064,0,0
11676082,1,2
24255480,0,0
83333203,1,2
68375997,0,0
66116719,0,0
38472444,0,0
84750961,1,2
45986621,0,0
39220791,0,0
85998135,0,0
61673494,0,0
32732627,1,1
83262737,0,0
82452621,0,0
17613880,0,0
41027057,0,0
99410084,0,0
39015877,0,0
16827976,0,0
69262597,0,0
17167701,0,0
31956034,0,0
18339290,0,0
52486501,0,0
28556944,0,0
64303245,1,2
27394825,0,0
43922229,1,2
70941439,0,0
90874648,0,0
51776853,0,0
42290121,0,0
81850726,0,0
17828880,0,0
48475985,0,0
24522130,0,0
62391828,0,0
77883260,1,2
68873326,0,0
78555261,0,0
91184992,0,0
62825238,1,2
89013763,0,0
56091244,0,0
77250191,0,0
14025194,0,0
20560387,0,0
39097925,1,2
61417606,0,0
12694081,0,0
27625341,0,0
70635969,0,0
35094902,1,2
77986594,0,0
61368109,0,0
19635051,0,0
56369345,0,0
99492817,1,2
46763771,0,0
19471520,0,0
42283419,0,0
40839716,0,0
78700346,0,0
28985486,0,0
41986149,0,0
60815950,0,0
89389225,0,0
98832485,0,0
37366111,0,0
66195495,0,0
22034807,0,0
29968395,1,2
15935988,0,0
80559825,0,0
41898137,0,0
45328636,0,0
10667397,0,0
85203465,0,0
38433950,0,0
59836105,0,0
93862416,0,0
70558747,0,0
61684578,0,0
73600205,0,0
70424479,1,1
39200065,0,0
77660910,0,0
71999759,0,0
99417328,0,0
15168000,0,0
22959591,0,0
67981642,0,0
71853102,0,0
82011127,0,0
70469940,0,0
77772998,0,0
41803891,0,0
74747133,0,0
43818883,1,2
63774030,0,0
11890754,0,0
17145111,0,0
67456257,0,0
98919764,1,2
19228655,0,0
25538072,0,0
17683269,0,0
62743991,0,0
10665213,0,0
61943686,0,0
84329711,0,0
92909232,0,0
60829956,0,0
75702037,0,0
11768028,0,0
80424251,0,0
98762400,0,0
89662043,0,0
55300092,0,0
51344059,0,0
88093084,0,0
87932165,0,0
54209091,0,0
11002687,0,0
71090250,1,2
73846144,0,0
87164045,0,0
84397945,0,0
31117511,0,0
56592467,0,0
49105992,0,0
41439368,0,0
92903685,0,0
56386039,0,0
58079435,0,0
34725992,1,2
13158175,0,0
54466926,0,0
65420293,0,0
76915356,0,0
34486704,1,2
62181839,0,0
88494351,0,0
59531240,0,0
59777637,0,0
58962218,0,0
72081946,0,0
50085850,1,2
11799814,0,0
91143049,0,0
18640259,0,0
70724400,0,0
14119911,0,0
50217757,0,0
97729078,0,0
65134269,0,0
25590684,0,0
81963662,0,0
55481139,0,0
89651920,0,0
97340820,0,0
86661776,0,0
68408635,0,0
81045204,0,0
86434493,1,2
24862681,1,2
47291792,0,0
11381418,1,2
31838343,0,0
69436633,0,0
74974112,0,0
50829963,0,0
47250212,0,0
36934062,0,0
62994323,0,0
66217717,0,0
12844020,0,0
41239439,0,0
20576524,0,0
38598797,0,0
61943308,0,0
88302924,0,0
79498838,0,0
34181088,0,0
68308147,0,0
29508010,0,0
87544658,0,0
82151830,0,0
84689765,1,1
60197860,0,0
57210313,0,0
26123281,0,0
36334918,0,0
20868654,0,0
60387351,0,0
64866516,0,0
13998242,0,0
52117593,0,0
23098003,0,0
54878809,0,0
11920303,0,0
81225300,0,0
81677187,0,0
50103490,0,0
27165276,1,2
22459880,0,0
91474379,1,2
84652648,0,0
56701247,0,0
63799968,0,0
84052877,0,0
93104068,0,0
73640832,0,0
27164137,0,0
75919522,0,0
89307644,0,0
76777851,0,0
47337509,0,0
72455456,0,0
54383233,1,2
91183052,1,1
61003227,0,0
86030882,0,0
64975917,0,0
88198309,0,0
73037069,0,0
46395657,0,0
97417462,1,2
99044389,0,0
26802089,0,0
28157155,0,0
27256370,0,0
61105497,0,0
38888740,0,0
26136863,0,0
36384286,0,0
94208079,0,0
32713769,0,0
21360459,0,0
78957907,0,0
38626079,1,2
69456226,0,0
36318464,0,0
37646527,0,0
53421667,0,0
10672360,0,0
92206552,0,0
41092233,0,0
99136008,0,0
52444140,0,0
95414298,1,1
96348671,0,0
43280818,1,1
93206935,0,0
21290600,0,0
97861727,0,0
83200120,0,0
18302645,0,0
17561674,0,0
47602905,0,0
28776562,0,0
27796746,0,0
72138966,0,0
63171383,0,0
68648356,0,0
34963022,0,0
24952178,1,2
66716595,0,0
69743197,0,0
57158935,0,0
56504364,0,0
66727863,0,0
98770822,1,1
51526012,0,0
63297281,0,0
68927886,0,0
10548648,0,0
19506343,0,0
89936068,0,0
60240688,0,0
91663000,0,0
32020550,0,0
41708691,0,0
66760827,0,0
50326969,0,0
35036980,0,0
18611934,0,0
78838603,1,2
54227793,0,0
90986598,0,0
35045527,0,0
35555262,0,0
21497455,0,0
59838438,1,2
31390889,0,0
24285611,0,0
95899607,0,0
70302162,0,0
44695488,0,0
91581298,0,0
54936976,0,0
63952924,0,0
15176572,0,0
87382850,1,1
33290429,0,0
91235075,0,0
16197334,0,0
36986145,0,0
94432582,0,0
39853981,0,0
24488963,1,1
19920192,1,2
27727242,0,0
90469667,0,0
82546621,0,0
23393441,0,0
81408422,0,0
56359922,0,0
30281719,0,0
86092696,0,0
37542307,0,0
74874596,0,0
47293673,1,2
42373027,0,0
43893889,0,0
70758514,0,0
44528431,0,0
58677650,0,0
64275820,0,0
79328009,0,0
82644555,0,0
78673635,0,0
66055615,0,0
67499858,0,0
41469756,1,2
86209029,0,0
84299106,0,0
67771940,0,0
55347418,0,0
97314607,0,0
41929432,0,0
67147284,1,2
84933238,0,0
16924258,0,0
25798374,0,0
49826121,0,0
94010260,0,0
89014725,0,0
10140265,0,0
29035537,0,0
74348895,0,0
19260216,0,0
58747786,0,0
36535357,0,0
53213680,0,0
47413042,0,0
13424907,1,2
10024483,0,0
46384432,0,0
54409934,0,0
27206970,0,0
55608821,0,0
33313318,0,0
22772245,0,0
96294672,0,0
84513441,0,0
42465449,0,0
69022206,0,0
91808000,0,0
14086303,0,0
27109571,0,0
33083199,1,2
71405587,0,0
38665212,0,0
28066986,0,0
98176732,0,0
56209499,0,0
79286169,0,0
61603988,0,0
88095564,0,0
67121489,0,0
55309360,1,2
26343486,0,0
28542762,0,0
73708534,0,0
72281241,0,0
50586192,0,0
99142944,0,0
99249481,0,0
75890011,0,0
36050193,0,0
18742177,0,0
96738992,0,0
80858010,1,1
25764406,0,0
19290601,0,0
89998681,0,0
24007371,0,0
54452023,0,0
53445655,0,0
54942367,0,0
24741186,0,0
53875785,1,2
81706922,0,0
26624668,1,1
58242562,0,0
32725018,0,0
49225502,0,0
84591537,0,0
69735429,0,0
44180100,0,0
40828422,0,0
96817380,0,0
94890432,0,0
80232959,0,0
50299949,0,0
80615085,0,0
91822100,0,0
61957604,0,0
16019221,0,0
84700879,0,0
63915129,0,0
97419789,0,0
97456692,0,0
98311187,0,0
28310129,0,0
84362558,0,0
69207581,0,0
32080735,0,0
72802363,0,0
76155765,0,0
27523857,0,0
47362040,0,0
58313615,0,0
64709078,0,0
65081902,0,0
40741963,0,0
43762736,0,0
97462920,0,0
22769652,0,0
97395202,0,0
75513910,0,0
20272360,0,0
12166873,1,2
21682677,0,0
81672713,0,0
15660427,1,1
99115735,1,2
13728971,0,0
31249612,0,0
29990445,0,0
19240191,1,2
39230671,0,0
61156751,0,0
93915715,0,0
91327917,0,0
52389185,0,0
68623920,0,0
48335170,0,0
10554965,0,0
54754795,1,2
77082884,0,0
26673039,0,0
38052426,0,0
88820855,0,0
54640284,0,0
99907230,0,0
12829240,1,1
37167667,0,0
10577828,0,0
15788580,0,0
98945800,0,0
47782207,0,0
20066580,0,0
59315669,0,0
70497104,0,0
48251256,0,0
34921311,0,0
76128527,0,0
81349661,0,0
36816149,1,2
42421985,0,0
50103829,0,0
69224081,0,0
34238849,0,0
72573815,0,0
83849698,0,0
96621771,0,0
50726812,0,0
90130469,0,0
25804286,0,0
68665607,0,0
89972738,0,0
16059815,0,0
80055181,0,0
31346321,0,0
30924056,0,0
90422171,0,0
72359141,0,0
39552145,0,0
24445552,0,0
36321002,0,0
25597218,0,0
32606535,0,0
11628623,0,0
10140397,0,0
92095760,0,0
61373027,0,0
36686415,0,0
87868323,1,2
71575872,0,0
69971960,0,0
26597240,0,0
72170276,0,0
78548334,0,0
31595556,0,0
58411273,0,0
25756430,0,0
94037042,0,0
96967705,0,0
68507886,0,0
87511070,0,0
78385628,0,0
35210265,0,0
95929077,0,0
98635749,0,0
92045265,0,0
24798720,0,0
70909245,0,0
63729178,0,0
96119359,0,0
92511810,0,0
12064908,0,0
69906550,0,0
31017523,0,0
13388746,0,0
81681516,0,0
42427131,1,2
57762056,0,0
11954679,0,0
93043174,0,0
11698848,0,0
43113128,0,0
49316373,0,0
46109906,0,0
60850855,0,0
69594779,0,0
86386271,0,0
47363675,0,0
78655028,0,0
28167351,0,0
91434240,0,0
36063062,0,0
47867402,0,0
64905179,0,0
68670473,0,0
96379338,0,0
82674138,0,0
33970670,0,0
14622504,0,0
54525001,0,0
80792546,0,0
57640698,0,0
71616931,0,0
36469112,0,0
34802776,0,0
35923089,1,2
65135182,1,2
74457995,0,0
41921816,0,0
87640329,1,2
41749498,0,0
93525545,0,0
64419154,0,0
82289852,1,2
20439153,0,0
14356818,0,0
14125135,0,0
68194558,0,0
27661353,0,0
15742551,0,0
73155000,0,0
28090077,1,2
14466742,1,2
92052873,0,0
40695542,0,0
10587855,0,0
42135928,0,0
26078988,0,0
70741591,0,0
42788831,0,0
27412502,0,0
96899566,0,0
90332236,0,0
78674870,0,0
77227945,0,0
45469917,0,0
76802101,0,0
87952009,0,0
72277963,0,0
61413477,0,0
98456973,0,0
28794825,1,2
82833579,0,0
14550695,0,0
18184756,0,0
96791958,0,0
86414960,0,0
16072909,0,0
53030199,1,1
53496872,0,0
56709601,0,0
92969685,0,0
59784532,0,0
35900740,1,1
58624463,0,0
47353611,0,0
42016644,0,0
92238441,0,0
78837829,0,0
26756505,0,0
80104842,0,0
35185330,0,0
52776217,0,0
28810124,0,0
77166947,0,0
94768583,0,0
22200467,1,2
33024469,0,0
81505748,0,0
87951275,0,0
80132384,0,0
63287766,0,0
29638193,0,0
16240988,0,0
58534902,0,0
22961764,0,0
61791870,0,0
91994789,0,0
90397318,0,0
62967546,0,0
52566089,0,0
67886435,0,0
42594714,0,0
44121729,0,0
32439332,0,0
60408991,0,0
23661753,1,2
10143234,0,0
85396030,0,0
59887466,1,2
65635391,0,0
96281973,0,0
31558569,0,0
28761707,0,0
52124052,0,0
27509908,0,0
21164918,0,0
84465847,0,0
75148614,0,0
58749924,0,0
66101164,0,0
58257636,0,0
49963334,0,0
70576624,0,0
95501663,0,0
91001534,0,0
24123895,0,0
67053530,0,0
19151705,0,0
91706256,0,0
85480124,0,0
81572042,0,0
11385160,0,0
68356294,0,0
19423460,0,0
15946341,0,0
77725914,0,0
42843368,0,0
72164145,0,0
95574089,0,0
86660328,0,0
34753014,0,0
33709876,0,0
70350742,0,0
61625722,0,0
76019250,0,0
53259594,0,0
95423084,0,0
57017118,0,0
19037983,0,0
43616719,0,0
32858189,0,0
95980167,0,0
50148007,0,0
32822570,0,0
78907321,0,0
75242633,0,0
53552229,0,0
51410483,0,0
55198968,0,0
92814971,0,0
65940578,0,0
88024039,1,2
19811202,0,0
88800800,0,0
37200551,1,2
30235159,0,0
86391248,1,2
64875612,0,0
16300928,0,0
33989174,0,0
17875938,0,0
64760335,0,0
79777328,0,0
10713374,0,0
75213194,0,0
89812960,0,0
89605333,0,0
18317290,0,0
85441974,0,0
64502268,0,0
72509811,0,0
38868825,1,2
17316608,0,0
65931205,0,0
76715739,0,0
71239905,0,0
21994557,0,0
55395658,0,0
17331741,0,0
76911689,0,0
97477695,0,0
13247435,0,0
90165126,0,0
78206139,1,2
12000364,1,2
87225856,0,0
90140385,0,0
78408793,0,0
24752961,0,0
36728160,0,0
51439882,1,2
32588349,0,0
50580951,0,0
88025914,0,0
26422894,0,0
69569315,0,0
40935737,0,0
93498928,0,0
17012721,0,0
23715243,0,0
96185022,1,2
26733426,0,0
90148711,0,0
51830644,0,0
21630842,0,0
32452573,0,0
80271418,0,0
18895333,0,0
93770824,0,0
77123978,0,0
33335968,0,0
96430122,0,0
77587687,0,0
71703085,0,0
19760951,0,0
83897926,0,0
46186842,0,0
45421831,0,0
97474700,0,0
15537572,0,0
80779711,0,0
15081117,1,2
88326093,0,0
80216202,0,0
42274964,0,0
46457180,0,0
21226481,0,0
22172570,0,0
54290375,0,0
92978073,0,0
68524017,0,0
27103365,0,0
43447480,0,0
11402331,0,0
68075153,1,2
28326762,1,2
56226961,0,0
45705834,1,2
23515381,0,0
74182618,0,0
11464638,0,0
44935380,1,2
90886692,0,0
41390527,0,0
53362558,0,0
90720962,0,0
29613323,0,0
85453303,0,0
57001904,0,0
32307273,0,0
64964163,0,0
24727601,0,0
43448603,0,0
67016112,0,0
62225694,0,0
38465161,0,0
26449735,0,0
87009913,0,0
40164652,0,0
69264734,0,0
61659659,0,0
33557134,0,0
48461697,0,0
40710824,0,0
10636384,0,0
32444740,0,0
16064186,0,0
35835692,0,0
91425880,0,0
60083492,0,0
86991395,0,0
18439678,0,0
71552846,0,0
80604231,0,0
47364065,0,0
48255712,0,0
38886455,0,0
81403352,1,2
68683306,0,0
74470204,0,0
92933780,0,0
85312732,0,0
98038004,0,0
71595743,0,0
28887418,0,0
16837853,0,0
14292185,0,0
83306394,0,0
38693351,0,0
55274556,0,0
28141763,0,0
34600606,0,0
27808242,0,0
54054725,0,0
33294370,0,0
18751415,0,0
45625331,0,0
66354034,0,0
45958565,0,0
15829373,0,0
38587053,0,0
61795497,0,0
83425020,0,0
23022122,0,0
28519928,0,0
60025753,0,0
21049162,0,0
79504045,0,0
92817571,0,0
82930438,1,2
89017613,0,0
20593349,1,2
74848902,0,0
94810739,0,0
98120500,0,0
90594019,0,0
79239216,0,0
49452933,0,0
67188819,1,2
89884412,0,0
15965302,0,0
17877417,1,2
84319901,0,0
52019783,0,0
69624170,0,0
27770032,0,0
81024220,0,0
79419292,0,0
98267735,1,2
63573337,0,0
13055671,0,0
36272254,1,1
79634806,0,0
60529945,0,0
33045473,0,0
44150819,0,0
39476526,0,0
94602239,0,0
83234605,0,0
83945261,0,0
32966678,0,0
31082963,0,0
50378652,0,0
61452735,1,1
43426084,0,0
32353280,0,0
55418141,0,0
91725653,0,0
88967929,0,0
43326981,0,0
20825051,0,0
98286139,0,0
48131543,0,0
56882416,0,0
60272259,0,0
94541813,1,2
24470290,0,0
97287689,1,2
40445639,0,0
44799619,0,0
29629023,0,0
74863702,0,0
77262664,0,0
56773785,0,0
61551195,0,0
91371415,0,0
18175478,0,0
96444893,0,0
91119283,0,0
95931403,0,0
84035377,0,0
71654187,0,0
33318173,0,0
82549112,1,2
17381127,0,0
45140965,0,0
28599380,0,0
56032381,0,0
67105576,0,0
38102886,0,0
78828501,0,0
72738911,0,0
99192820,1,1
96684961,0,0
85308438,0,0
59570673,0,0
68650682,0,0
96300632,0,0
35249776,0,0
69597043,0,0
99445190,0,0
43114474,0,0
73159438,0,0
26444526,0,0
43792024,0,0
83732951,0,0
14014826,0,0
54407828,0,0
68265878,0,0
59789692,0,0
85897379,0,0
74286278,0,0
52614489,0,0
53052936,0,0
98855351,0,0
65668843,1,2
73856246,0,0
54640171,0,0
60465316,0,0
50589653,0,0
86208410,0,0
11657179,0,0
54943432,0,0
39175676,0,0
65366346,0,0
65946688,1,2
60686582,1,2
71926924,0,0
39512362,0,0
99821135,0,0
88567627,0,0
83246620,0,0
53465202,0,0
29085194,0,0
55458738,0,0
59303935,0,0
64063847,0,0
49770823,0,0
68153133,0,0
43862119,0,0
67255704,0,0
86472604,0,0
84749220,0,0
15566663,0,0
97330785,0,0
30729155,0,0
81768799,0,0
34681826,0,0
55824023,0,0
60868823,0,0
82682505,0,0
40551528,0,0
12712945,0,0
98066996,1,2
23456475,0,0
48408105,1,2
50027188,0,0
25381811,0,0
53917170,0,0
85705126,0,0
24027879,0,0
66623403,0,0
85918219,1,2
28582784,1,2
84244831,0,0
91749699,0,0
74871945,1,2
61095898,0,0
46517695,0,0
31382571,0,0
15069964,0,0
31742956,0,0
77764575,0,0
66333681,0,0
36857255,0,0
61932002,0,0
50307532,0,0
32446418,1,2
51530898,0,0
78893253,0,0
50773045,0,0
23576073,0,0
43660816,0,0
77953753,0,0
30142473,0,0
67614422,0,0
16641679,0,0
99319942,0,0
36697230,0,0
64799260,0,0
14188589,0,0
57304888,0,0
11770818,0,0
74068827,0,0
95513244,0,0
46902159,0,0
22641085,1,2
24431338,0,0
10378761,0,0
48022301,0,0
15084546,0,0
35309783,0,0
81219797,0,0
38392826,0,0
73695158,0,0
64656242,0,0
58979457,0,0
44884602,0,0
66774140,0,0
60029597,0,0
42377479,0,0
13279227,0,0
84142010,0,0
26309641,0,0
18858900,0,0
70955794,0,0
55290550,0,0
43922734,1,2
71088713,0,0
22310638,0,0
81994491,0,0
42175710,0,0
63449149,0,0
71827490,1,1
40648871,0,0
36751564,0,0
28533178,0,0
25786060,0,0
11925403,0,0
89213600,0,0
96015886,0,0
35240427,0,0
24580273,0,0
31153582,0,0
81322643,0,0
48905489,0,0
84636480,0,0
19706618,0,0
77142937,0,0
35296552,0,0
45973951,0,0
99033015,0,0
33696112,0,0
67630961,0,0
53974776,0,0
40643822,0,0
30115507,0,0
17020623,0,0
58533608,1,2
66603050,0,0
89159722,0,0
19522416,0,0
42071170,0,0
67577787,0,0
57178063,0,0
42883427,0,0
65865084,0,0
64330480,0,0
59871648,0,0
74253024,0,0
91393871,1,2
90016419,0,0
41671443,0,0
29504552,0,0
18244850,0,0
64636151,0,0
85270964,0,0
23623760,0,0
18099633,0,0
13091859,0,0
24086671,0,0
22179714,0,0
20347919,0,0
52392162,0,0
20415863,0,0
69866146,0,0
73710075,0,0
37655350,1,1
84481638,0,0
37256179,0,0
86630983,0,0
60810388,0,0
22965962,0,0
67232574,0,0
71759021,0,0
48765703,0,0
44259974,0,0
18975478,0,0
24811105,1,1
66994603,0,0
92066353,0,0
54354024,1,2
46005598,0,0
14238347,0,0
20418296,0,0
45958497,0,0
58300439,0,0
59860004,0,0
36539790,1,2
14966503,0,0
40827593,0,0
59110603,0,0
97583722,0,0
41800412,0,0
17818460,0,0
48289141,0,0
72410284,0,0
82704930,0,0
19274133,0,0
79808655,0,0
28125304,0,0
47520158,0,0
77579334,0,0
75995235,0,0
58262920,0,0
94065048,0,0
81289473,0,0
55089516,0,0
66519478,0,0
96402382,0,0
99244770,0,0
35440900,0,0
18412701,0,0
96775001,0,0
10547262,0,0
77799211,0,0
39711033,0,0
30217978,0,0
69161868,0,0
33595215,0,0
86034590,0,0
13555036,0,0
87837728,0,0
50813017,0,0
91202608,0,0
90949835,0,0
78984958,0,0
44665638,0,0
85997407,0,0
54178599,0,0
21616358,0,0
74115612,0,0
47642035,0,0
15179452,0,0
83655904,0,0
55732457,0,0
92555057,0,0
92579352,0,0
49185734,0,0
28735866,0,0
98169828,0,0
92008816,1,2
61173450,0,0
19814440,0,0
99270544,0,0
66966489,0,0
82104061,0,0
53490188,0,0
12555682,0,0
37466258,0,0
31664594,1,1
45844756,0,0
53925259,0,0
79639857,0,0
57125407,0,0
37283873,0,0
24310363,0,0
40400188,0,0
93902642,0,0
87525916,0,0
95119931,0,0
29903343,0,0
81937714,0,0
46578181,1,2
72759627,0,0
57130978,0,0
28087230,0,0
85036555,0,0
56187760,1,1
62030436,0,0
13432432,0,0
88681435,0,0
21859547,0,0
65955142,0,0
99662586,0,0
10153924,0,0
85946056,0,0
50840068,0,0
37057337,0,0
96487734,0,0
37698153,0,0
22649435,0,0
41921281,0,0
26271830,0,0
81456589,0,0
49808494,0,0
69048649,0,0
36068133,0,0
18599615,0,0
29380990,0,0
84832437,1,2
50148366,0,0
97313765,0,0
75380823,0,0
14823905,0,0
27240139,0,0
62379814,1,2
71575412,0,0
41171022,0,0
90788369,0,0
60136616,0,0
60640082,0,0
53446411,0,0
61657018,0,0
82011553,0,0
65191666,0,0
45357537,0,0
68670947,0,0
99807128,0,0
64849584,0,0
15749532,1,2
25842362,0,0
62733916,0,0
74536960,0,0
22857652,1,2
29603706,0,0
68240388,0,0
78061261,0,0
51763671,0,0
82656429,0,0
15590008,0,0
68601570,0,0
26728929,0,0
51073009,0,0
19787814,0,0
26235294,0,0
41953251,0,0
85717799,0,0
47653352,0,0
40814102,0,0
60457513,0,0
11173141,0,0
38089173,1,1
23689921,0,0
39439649,0,0
26548327,0,0
25837684,0,0
67363968,1,2
62216897,0,0
46485045,0,0
10824636,0,0
75183316,0,0
56465483,0,0
10353290,0,0
22729781,1,2
25013151,0,0
52506423,0,0
50234725,0,0
73054302,0,0
51344492,0,0
33613633,0,0
58974749,0,0
41108810,0,0
17292021,0,0
83903379,0,0
16739329,1,2
68573196,0,0
11648330,0,0
84231372,0,0
78032179,1,1
93257734,0,0
72974593,0,0
73960752,0,0
20524279,0,0
29737043,0,0
90046584,0,0
41759522,0,0
77852282,0,0
35470143,0,0
26284877,0,0
69734226,0,0
88602644,0,0
74207549,1,1
50309358,0,0
57014297,0,0
52465547,0,0
27080829,0,0
99207797,0,0
11919777,0,0
27586563,0,0
75278259,0,0
71273545,0,0
83323929,1,1
61716121,0,0
39156659,0,0
10959931,0,0
27037659,1,2
67493681,0,0
61961683,0,0
35541487,0,0
10626168,0,0
24908047,0,0
76085174,0,0
90368251,0,0
91024137,1,2
20492644,0,0
74152256,0,0
28110713,0,0
17221164,0,0
19334550,0,0
70647817,0,0
83613628,0,0
64724003,0,0
25547536,0,0
24786505,1,2
59506506,0,0
30361654,0,0
83751746,0,0
18807603,0,0
90642850,0,0
33131368,0,0
16446158,0,0
46425118,0,0
10818090,0,0
43870985,0,0
18594250,0,0
98927793,0,0
88784047,0,0
42795919,0,0
14633109,0,0
88505620,0,0
38698133,0,0
31902576,0,0
77317859,0,0
88834220,0,0
17842834,0,0
75448802,0,0
38115993,0,0
72648171,0,0
97163426,0,0
60783738,0,0
62883952,1,2
82434633,0,0
16279100,0,0
35007352,0,0
60584876,1,2
51877777,0,0
56662060,0,0
36337311,0,0
50086233,0,0
83940604,0,0
17868528,0,0
60353552,1,2
53690827,1,2
94408648,1,2
34106856,0,0
57464537,0,0
41714930,0,0
83317954,0,0
34107315,0,0
46506211,0,0
29833998,0,0
37499129,0,0
38327023,0,0
73091466,0,0
49977846,0,0
87736397,0,0
79698576,0,0
92338752,0,0
64531324,0,0
57338550,0,0
34607679,0,0
26118040,0,0
68510998,0,0
89076066,1,1
84367509,0,0
56491597,0,0
62008682,0,0
35828743,0,0
82759639,0,0
85359314,0,0
44210679,0,0
78714980,0,0
82309077,0,0
48708100,0,0
37309544,0,0
82840603,0,0
87492559,0,0
17915813,0,0
15490367,0,0
76019927,0,0
82595874,0,0
28780870,0,0
82692497,0,0
27682983,0,0
20226430,0,0
65124372,0,0
70880599,1,2
25425004,0,0
44373646,0,0
41268557,0,0
40692553,0,0
11790418,1,2
73853005,0,0
89989403,0,0
92390618,0,0
16510178,0,0
70197783,0,0
82319334,1,2
91284388,0,0
17654669,0,0
95077008,0,0
31089625,0,0
32420475,0,0
23183062,0,0
34986519,0,0
66717731,0,0
54183996,0,0
87486182,1,2
95525227,1,2
64271392,0,0
94289879,0,0
15552805,0,0
31485505,0,0
93172234,0,0
22042773,0,0
46298284,0,0
64409556,0,0
41441283,0,0
85782454,0,0
45149280,0,0
38492950,0,0
57248171,0,0
50621066,0,0
71494334,1,2
45038035,0,0
12996752,0,0
88959852,0,0
47109640,0,0
17798237,0,0
62387390,0,0
14319711,0,0
32824821,1,2
43897061,0,0
27025193,0,0
81280589,1,2
28401141,0,0
12571060,0,0
42749040,0,0
65774259,0,0
27465493,0,0
27827868,0,0
99796686,0,0
97410340,0,0
51209279,0,0
77187054,0,0
50927542,0,0
39270342,0,0
65056137,0,0
31734472,1,2
90335364,0,0
59733841,0,0
62908652,0,0
93063767,0,0
83386421,0,0
57293922,0,0
69883971,0,0
31519353,0,0
24374997,0,0
81232619,0,0
72923310,0,0
45894685,0,0
42915856,0,0
47747279,0,0
63130738,0,0
33347294,0,0
92171105,1,2
55915928,0,0
66907985,0,0
74607914,0,0
88601195,0,0
72726387,1,2
97543372,0,0
60053557,0,0
99260556,0,0
37151406,0,0
44900146,1,2
34655433,1,2
17849473,0,0
17113731,0,0
61707354,0,0
43683008,0,0
81120836,0,0
47402561,0,0
48529540,0,0
64861449,1,2
52931652,0,0
67818216,0,0
26698847,0,0
64060340,0,0
77663496,0,0
14654860,0,0
81956132,1,1
78186089,1,2
12847287,0,0
63675512,0,0
15894805,0,0
10356087,1,2
36217521,1,2
96383975,0,0
36902572,0,0
60806154,0,0
35422424,1,2
12471939,0,0
84969944,0,0
21324366,0,0
17561905,1,2
32772904,0,0
30886398,0,0
22537895,0,0
33699637,0,0
76335540,0,0
26224039,0,0
67759342,0,0
33180043,0,0
58502091,0,0
16620971,0,0
91368258,0,0
33353901,0,0
97902818,0,0
49795327,0,0
78270504,0,0
37756136,0,0
26503905,0,0
77795465,0,0
54730814,0,0
31706577,0,0
12141888,0,0
79805110,0,0
81085000,0,0
62662348,0,0
20971858,0,0
69190976,0,0
23325847,0,0
48160783,0,0
44265693,0,0
37600194,0,0
60680814,0,0
83129031,0,0
57959407,0,0
29431544,0,0
38941657,0,0
32439569,0,0
17358681,0,0
73283925,0,0
32530012,0,0
71409630,0,0
18484306,0,0
40348545,0,0
21758955,0,0
84148975,1,2
64861811,0,0
77661873,0,0
77426561,0,0
99241984,0,0
89344371,0,0
56451729,0,0
95551282,0,0
20873540,0,0
34625431,0,0
24032952,0,0
67438453,0,0
90291823,0,0
69834341,0,0
44042392,0,0
95448032,0,0
71259720,0,0
74985314,0,0
52046467,1,2
90013984,1,2
62457806,0,0
12227367,0,0
84111542,0,0
83218613,0,0
33781549,0,0
86141910,0,0
41518241,0,0
94729735,0,0
37033834,0,0
42189893,0,0
66670154,0,0
86385701,0,0
73934734,1,1
54298983,0,0
46778324,0,0
35241089,1,2
36953064,0,0
18652425,0,0
64658314,0,0
18082022,0,0
18006721,0,0
45491440,1,2
56279449,0,0
70797339,1,2
36282304,0,0
50453829,0,0
21843161,0,0
88064514,0,0
56393564,0,0
38222938,0,0
53913615,0,0
33193228,0,0
17912550,0,0
26355408,0,0
92595224,0,0
13102622,0,0
59673450,0,0
34036894,0,0
65164397,0,0
49881485,0,0
30097248,0,0
39673476,0,0
92540893,0,0
68650833,0,0
28664013,0,0
40571870,0,0
43151698,0,0
93881579,0,0
47914984,0,0
67275290,0,0
70562186,0,0
40685781,1,2
80951382,0,0
78563202,0,0
34166533,0,0
10781797,1,2
36587141,0,0
39255711,1,1
78518434,0,0
36641650,0,0
19635438,0,0
65847039,0,0
57052541,0,0
90900848,0,0
91886826,0,0
80687914,0,0
36491318,0,0
80473427,0,0
27743057,0,0
68409311,0,0
60034278,0,0
21053171,0,0
57028548,1,2
41042558,0,0
84331464,0,0
97252238,0,0
92291015,0,0
58125316,0,0
12533778,0,0
54588450,0,0
64236335,0,0
70144592,0,0
26428004,0,0
30002812,0,0
90469045,0,0
55569881,0,0
76970722,0,0
83380016,0,0
45042528,0,0
54216843,0,0
20793951,0,0
11451002,0,0
93826821,0,0
61838610,1,2
13498433,0,0
64902640,0,0
43145414,0,0
85904788,0,0
71588510,1,2
60732232,0,0
71013548,0,0
74967473,0,0
98281508,0,0
95511496,0,0
32517140,0,0
38718811,0,0
41108419,0,0
37121365,0,0
15509335,0,0
33343547,0,0
80497695,0,0
93118198,0,0
38566653,1,1
35733122,0,0
93151167,0,0
78536465,0,0
32069512,0,0
55061613,0,0
78534669,0,0
70733061,1,2
11514584,0,0
21227629,0,0
52482479,1,2
79972918,0,0
45715732,0,0
94525652,0,0
82841483,0,0
77276088,0,0
85945977,0,0
63109571,0,0
31419225,0,0
41954331,0,0
72005611,1,2
95659217,0,0
72165222,1,2
15536910,0,0
99857453,0,0
80338733,0,0
88686220,0,0
42257666,0,0
16752782,0,0
79024117,0,0
13308611,0,0
57894065,1,2
15594327,0,0
18476694,0,0
36290034,0,0
65806829,0,0
39449588,0,0
17294723,1,2
79978847,0,0
39974781,0,0
34390785,0,0
99257676,0,0
70374915,1,2
56345411,0,0
56633584,0,0
24788694,0,0
23956050,0,0
97975666,1,1
43563581,0,0
22960043,0,0
49508140,0,0
87280290,0,0
94347973,0,0
36709274,0,0
97497443,0,0
61625105,0,0
70392738,0,0
83757561,0,0
39005413,0,0
72381218,0,0
40373501,0,0
81283205,0,0
28172860,0,0
31974745,0,0
33446268,0,0
84638337,0,0
33347473,0,0
65224825,0,0
56102294,0,0
65602064,0,0
86354243,0,0
62980602,0,0
81563980,0,0
85511036,0,0
38656401,0,0
36955685,0,0
46532193,0,0
49097037,0,0
56322611,0,0
56774443,0,0
29052737,0,0
60081249,0,0
45181982,0,0
27336282,0,0
39265249,0,0
70558169,0,0
72302380,0,0
87873467,0,0
96342227,0,0
76328905,0,0
66073107,0,0
72912255,0,0
53980255,0,0
71601852,0,0
93756983,0,0
48166785,0,0
12221732,0,0
61517166,0,0
66241954,0,0
92920629,0,0
73562052,0,0
30469181,0,0
74426792,0,0
32379012,0,0
61049890,0,0
35030071,1,1
65125848,0,0
46733216,0,0
50881105,0,0
89700947,0,0
13915316,0,0
61734883,0,0
93539885,1,1
52822701,0,0
34502204,1,2
56584111,0,0
37625500,0,0
95633651,0,0
68052741,0,0
43700078,0,0
20530425,0,0
74086094,0,0
10042768,0,0
90642967,0,0
10193344,0,0
42089088,0,0
58380622,0,0
35540643,1,2
55374740,0,0
13468224,0,0
60744724,0,0
12635794,0,0
80926328,0,0
49126226,0,0
58600905,0,0
88186243,0,0
16378422,1,2
91614149,0,0
34027010,1,2
92981161,0,0
53693486,0,0
31942911,0,0
39848615,0,0
66371733,0,0
93414372,1,2
27892630,0,0
87057344,0,0
13050456,1,2
33192671,1,2
52972654,0,0
82481026,0,0
27967823,0,0
14042593,0,0
89174961,0,0
69829068,0,0
59486476,0,0
71464250,0,0
57737540,0,0
70163669,0,0
61871077,0,0
56362264,1,2
58339219,0,0
79529897,0,0
69969493,0,0
45273379,0,0
89355218,0,0
54389604,0,0
11065630,0,0
64211268,0,0
67730157,0,0
37951764,0,0
50105466,0,0
31093749,1,2
51201785,1,2
77935053,0,0
93962304,0,0
69832655,1,2
37370735,0,0
20847363,0,0
93262876,0,0
18166230,1,2
37329298,0,0
38438687,0,0
72405988,0,0
25337530,0,0
22724494,0,0
89390168,0,0
86177135,0,0
68583628,0,0
25278046,0,0
32813607,0,0
60321904,0,0
52555900,0,0
78319116,0,0
37844808,1,2
99659266,0,0
84033319,0,0
53509564,0,0
51522285,1,1
87682560,0,0
50981534,0,0
53021187,0,0
58559386,0,0
14987279,0,0
32938270,0,0
76584194,0,0
53707839,0,0
16977838,0,0
37126107,0,0
34774571,0,0
78037349,1,2
33684459,0,0
47607237,0,0
54373990,0,0
44898959,0,0
78493354,0,0
63690931,0,0
70764223,0,0
29246641,0,0
11300642,1,2
63174479,0,0
61811482,0,0
46280885,0,0
17927490,1,2
31845605,0,0
42112586,0,0
90916332,0,0
80907116,0,0
67499837,0,0
66657157,0,0
30394263,0,0
58702594,0,0
63938785,0,0
51492613,0,0
93979419,0,0
80086108,0,0
46713301,1,2
62622886,0,0
43760845,0,0
99433091,1,2
30455311,0,0
67332289,0,0
61238888,0,0
11316173,0,0
28219080,0,0
58453422,0,0
15226029,0,0
22433619,0,0
85887204,0,0
11557949,1,1
48285535,0,0
28886269,0,0
69297133,0,0
83118765,0,0
18658113,0,0
60863531,0,0
21085098,0,0
16561003,0,0
46415867,0,0
52782580,1,2
91245825,0,0
47554747,1,1
15650348,0,0
35094770,0,0
64360461,0,0
90669542,0,0
25526683,0,0
81605336,0,0
67186075,0,0
68544714,0,0
79925336,0,0
83491669,1,2
56168061,0,0
33797472,0,0
19772615,0,0
41059433,1,1
29945852,0,0
20282706,0,0
88460576,0,0
45624624,1,2
87409242,0,0
10452310,0,0
65441102,0,0
97645522,0,0
74208573,0,0
63523971,0,0
86453620,0,0
81043330,0,0
69378129,0,0
82987767,0,0
27542351,0,0
44418191,0,0
17197864,0,0
50172106,0,0
77207547,0,0
74994850,0,0
71525036,0,0
71930844,0,0
59711965,0,0
34371016,0,0
31009766,0,0
18851619,0,0
38939732,0,0
69711009,0,0
24776274,0,0
58098303,0,0
19550840,0,0
32960507,1,2
59703942,0,0
64814624,0,0
61990412,0,0
92960310,0,0
29535917,0,0
74853490,0,0
37462307,0,0
12323387,0,0
97822114,0,0
92821959,0,0
84946010,0,0
12340272,0,0
57435163,0,0
70136748,0,0
24264239,0,0
46602259,0,0
21724176,0,0
10849069,0,0
52020960,0,0
20539587,1,2
22942943,1,1
40663577,0,0
27610446,0,0
23191878,1,2
63678893,0,0
11081386,0,0
73874975,0,0
45883097,0,0
83055586,0,0
17450756,0,0
89928329,0,0
70637971,0,0
98210011,0,0
86389341,0,0
55240703,0,0
22109913,0,0
64344010,0,0
10553491,0,0
36735542,0,0
31585318,0,0
53642478,0,0
31217223,0,0
16040873,0,0
27407547,0,0
70180045,0,0
94716990,0,0
32336968,0,0
61847953,0,0
27057683,1,2
77036952,0,0
81391181,0,0
26677362,0,0
20560320,0,0
18425487,0,0
49819437,0,0
74489586,0,0
78943635,0,0
44197252,0,0
91294438,0,0
26067648,0,0
10766087,0,0
88313921,0,0
73222148,0,0
27387220,0,0
93726754,1,2
86848637,0,0
84246815,0,0
45188651,0,0
60681881,0,0
59970718,0,0
35080242,0,0
33217987,0,0
78445836,0,0
20670006,0,0
14584080,0,0
43601894,0,0
76632121,0,0
52540817,0,0
78382080,0,0
71192589,0,0
62974510,0,0
47284963,0,0
64872135,1,2
15954946,0,0
79541427,0,0
98610141,0,0
21325025,0,0
98293205,0,0
93565585,0,0
88081675,1,2
20238509,0,0
50891138,0,0
59412671,0,0
99672986,0,0
31308351,1,2
71157248,1,2
66056020,1,2
91590821,0,0
50165805,0,0
62093956,0,0
37552420,0,0
39399803,0,0
85671657,1,2
21024681,0,0
64121707,0,0
54387507,1,1
38966033,0,0
62266208,0,0
73099295,0,0
80033604,0,0
25743612,0,0
35655756,0,0
91915289,0,0
91628383,0,0
92469426,0,0
14216367,0,0
58084973,0,0
13323187,1,2
92279024,0,0
84223851,0,0
41623649,0,0
45994919,0,0
61122227,0,0
98222941,0,0
28501759,0,0
11477058,0,0
80515779,0,0
52706795,0,0
99009442,0,0
24005554,0,0
23037331,0,0
92818344,1,2
75948502,0,0
28174939,0,0
68513591,1,1
53702285,0,0
88206351,0,0
15208526,0,0
14226799,0,0
14957586,0,0
18462090,1,2
38187690,0,0
76509332,0,0
20226967,1,2
21723108,0,0
97319387,0,0
13536219,0,0
72673452,0,0
39558986,0,0
43755375,0,0
77269261,0,0
30000002,0,0
11889274,0,0
14223667,0,0
16814792,0,0
15231821,0,0
57652075,0,0
29879195,0,0
66157969,0,0
74517854,0,0
61397303,0,0
32881786,0,0
88026679,0,0
18059117,0,0
80973114,0,0
40440609,0,0
12044225,0,0
11053010,0,0
32271959,0,0
24616921,1,1
10213121,0,0
19028224,0,0
12830655,0,0
38045370,0,0
37719384,0,0
26649055,0,0
41562704,0,0
39345622,0,0
87839122,0,0
74921617,0,0
38167098,0,0
14793153,0,0
22431209,0,0
92381707,0,0
53722764,0,0
24911490,0,0
80369572,0,0
76685935,0,0
69673792,0,0
64742726,0,0
11103088,0,0
12257864,0,0
81375055,0,0
21409375,0,0
93692739,0,0
57594349,0,0
64507295,0,0
17813591,0,0
88144979,0,0
41695291,0,0
90902793,0,0
30332491,0,0
11283309,0,0
69648699,0,0
20440670,0,0
82887550,1,2
66360815,0,0
66591878,0,0
56464445,0,0
98993845,0,0
87226054,0,0
68627738,0,0
95719973,0,0
52166916,0,0
64576776,0,0
59594638,0,0
65767654,0,0
41056120,0,0
99436149,0,0
58869801,0,0
69079835,0,0
59342587,0,0
68346714,0,0
98184747,0,0
96496600,0,0
18962128,0,0
14544732,0,0
59289037,0,0
59080463,0,0
66443847,0,0
87790179,0,0
51925986,0,0
87647602,0,0
61835879,0,0
23952890,1,2
50722282,0,0
86065693,0,0
59324448,0,0
78067340,0,0
37589116,0,0
34421542,0,0
66953265,0,0
58807654,0,0
17982474,0,0
58703936,0,0
29294535,0,0
26702954,0,0
35529242,1,1
10146307,0,0
97433881,0,0
39815805,0,0
29741473,0,0
35374715,0,0
77728276,1,2
97148138,0,0
37914870,0,0
23818331,0,0
16283426,0,0
23245949,0,0
74459750,0,0
64560136,0,0
23988933,1,2
38525664,0,0
89086949,0,0
80048605,0,0
68596184,0,0
41071989,1,2
88786528,0,0
77912195,0,0
24234254,0,0
19346954,0,0
59218480,0,0
15966742,0,0
52361969,0,0
27499104,0,0
43338865,0,0
83580525,0,0
12259469,0,0
28889886,0,0
65510690,0,0
79873361,0,0
86356289,0,0
69469308,0,0
96789802,0,0
76795316,0,0
26928727,0,0
57487266,0,0
73429232,0,0
18450372,0,0
19427208,1,1
93778876,0,0
54477917,0,0
55162781,0,0
21706365,0,0
68608680,0,0
17873459,0,0
18575564,0,0
33894895,1,2
56819095,0,0
59854529,0,0
43690807,0,0
27855473,0,0
71601286,0,0
60581645,0,0
45437466,0,0
31008763,0,0
79424324,0,0
58266105,0,0
91609787,0,0
83441215,0,0
85009911,0,0
13860985,0,0
61662781,0,0
39967624,0,0
29911237,1,2
44476216,0,0
22763457,1,2
91287514,0,0
51289377,1,2
96637308,0,0
65735193,0,0
30942118,0,0
46028086,0,0
58968996,0,0
18829733,0,0
92608607,0,0
36314894,0,0
95000683,0,0
24284710,0,0
63353059,1,2
97571429,0,0
14781277,0,0
77211194,0,0
56512867,0,0
22479357,0,0
69039864,0,0
71607289,0,0
45177702,1,2
11953385,0,0
10818020,0,0
72101123,0,0
36410145,1,1
78530380,0,0
35010179,1,2
62962800,0,0
87520175,0,0
41281370,0,0
55734852,0,0
24111637,0,0
84674120,0,0
49511864,0,0
40294983,0,0
11109337,0,0
66628521,0,0
20321940,0,0
25550251,0,0
29109703,0,0
43261879,0,0
72347276,0,0
92453207,0,0
88992873,0,0
60640495,0,0
44313782,0,0
72355136,1,2
69380026,0,0
73222725,0,0
26980549,0,0
38722978,0,0
34648407,0,0
91087137,0,0
53378816,0,0
87103057,0,0
11747062,0,0
89924390,0,0
27371565,0,0
91754141,0,0
58014521,0,0
28134891,0,0
83055797,0,0
49179304,0,0
26264632,0,0
59352235,0,0
23442941,0,0
65015981,0,0
58009596,0,0
57436964,0,0
15518647,0,0
27290788,1,1
71773216,0,0
93077201,0,0
29993042,0,0
10535083,0,0
86425481,0,0
56408717,0,0
51091005,0,0
80678345,0,0
41417463,0,0
97555744,0,0
84772239,0,0
49009618,1,2
83773515,0,0
25152165,0,0
94673544,1,2
89422033,0,0
17899744,0,0
83638328,0,0
79966086,0,0
66328521,0,0
72937943,0,0
42118964,0,0
20422615,0,0
79018204,0,0
76850520,0,0
48205498,0,0
34425736,0,0
57754494,0,0
99488660,0,0
66291951,0,0
78615315,0,0
63771168,0,0
14445011,0,0
56403880,0,0
40357101,0,0
27513681,0,0
82710386,1,2
48160605,0,0
51240043,1,2
53249087,1,2
10551902,0,0
44861665,0,0
86279049,0,0
53346639,0,0
81273905,0,0
90072126,1,2
88230150,0,0
82589158,0,0
48415060,0,0
88118015,0,0
92648147,0,0
49103785,0,0
32096787,0,0
36349749,0,0
99862976,0,0
66715694,0,0
46388264,0,0
70422596,1,2
16770529,0,0
41144833,0,0
84256671,0,0
10382007,0,0
99901692,1,2
86974153,0,0
95869261,0,0
20130784,1,2
94822218,0,0
70240728,1,2
59682139,0,0
25756700,1,2
86431557,0,0
32873131,0,0
96195480,0,0
93464885,0,0
37929162,0,0
49505269,0,0
47298987,0,0
52253274,0,0
81595772,0,0
49807880,0,0
53942941,0,0
23613329,0,0
77359799,0,0
60521861,0,0
74650049,0,0
89241326,1,2
33672394,0,0
72014413,0,0
92243901,0,0
19961905,0,0
91989901,0,0
21838791,0,0
73513030,0,0
39578155,1,2
41943142,0,0
53309981,0,0
90856214,0,0
86053003,0,0
27502638,0,0
29742924,0,0
83345061,0,0
58287589,0,0
82095729,0,0
77763287,0,0
40907781,0,0
64057540,0,0
26418813,0,0
24402819,0,0
17632381,0,0
34846586,0,0
93634705,0,0
68005286,0,0
90900443,0,0
94636798,0,0
64409644,0,0
91272462,0,0
43956681,0,0
27754649,0,0
48569186,0,0
37767161,0,0
29487926,0,0
45575954,0,0
11317480,0,0
68944451,1,2
65030007,0,0
62206129,0,0
70222976,0,0
93027039,0,0
51238398,0,0
61144446,1,2
95108275,0,0
17239541,0,0
28167427,0,0
27863886,0,0
11321819,0,0
67955205,0,0
27717894,0,0
79246139,0,0
48856041,0,0
81715425,0,0
96507369,0,0
47419998,0,0
65729265,0,0
41484834,0,0
19723895,0,0
61337706,0,0
49650979,0,0
29934822,0,0
95777168,1,2
32115394,0,0
58928614,0,0
29296615,0,0
50696251,1,2
86848305,0,0
61828321,0,0
76646017,0,0
88660645,0,0
52843656,0,0
87313143,0,0
26448906,0,0
51696995,0,0
77631160,0,0
50345815,0,0
50664597,1,2
56532701,1,2
81310304,0,0
29488950,0,0
37513991,0,0
25824479,0,0
61957821,0,0
25651228,0,0
26520951,0,0
86204276,1,2
16944592,0,0
46215902,1,1
79070813,0,0
16997011,0,0
36207760,0,0
32924241,0,0
78006158,0,0
81292110,0,0
32821246,0,0
31804880,0,0
44859588,0,0
33290249,1,2
56175270,0,0
67810099,0,0
70154802,0,0
85698307,0,0
51559928,0,0
30568837,0,0
44389128,0,0
66329862,0,0
36196291,0,0
46828554,0,0
33105353,0,0
45345468,0,0
16534363,0,0
29953691,0,0
29696270,0,0
57698687,0,0
39090536,0,0
18542913,0,0
28747584,0,0
83664900,0,0
58209458,0,0
80649537,0,0
37158846,0,0
26958528,0,0
62704915,0,0
11017171,1,2
36139823,0,0
68933715,0,0
29493147,0,0
96101304,1,2
29425492,0,0
59083875,0,0
80684292,0,0
22783457,0,0
49734359,0,0
89839588,0,0
28697579,0,0
54532725,0,0
53068250,0,0
86843306,0,0
62134314,1,2
94934312,0,0
50935767,0,0
36639258,0,0
23689598,0,0
74350778,0,0
82808930,0,0
74520624,0,0
22629787,0,0
83608781,1,2
20664764,0,0
36857121,0,0
18412843,0,0
10582287,0,0
51971233,1,2
16776045,0,0
19070128,1,2
57186100,0,0
78936607,0,0
19176760,0,0
59171684,0,0
94260320,0,0
89796353,0,0
13686844,0,0
84788163,0,0
54225022,0,0
39245378,0,0
52022921,0,0
63560526,0,0
85758493,0,0
23949663,0,0
87530859,0,0
82667857,0,0
20508169,0,0
38579435,0,0
53022709,0,0
48943864,0,0
24815249,0,0
68248240,0,0
19178976,0,0
32385946,0,0
40175439,0,0
51423702,0,0
60888156,0,0
41819542,0,0
89731220,0,0
56795276,0,0
77876130,0,0
83863384,0,0
15802915,1,1
77864739,0,0
63965379,0,0
67741101,1,1
56061114,1,2
46009713,0,0
69077535,0,0
17013793,0,0
51526413,0,0
20271675,0,0
14087994,0,0
43692757,0,0
74120834,0,0
75448184,0,0
83563764,0,0
26852616,0,0
84009654,0,0
43751646,0,0
51500679,0,0
84831827,0,0
98085899,0,0
96958080,0,0
35900675,0,0
63766638,0,0
71432222,1,2
16382405,0,0
67177319,0,0
87978247,0,0
36754958,0,0
15740279,0,0
26153228,0,0
94728616,0,0
12973898,0,0
49801090,0,0
45366242,0,0
44299447,0,0
13128803,0,0
98657200,0,0
54955657,0,0
98610844,1,2
15802035,0,0
62215491,0,0
17305787,0,0
67651095,0,0
17611379,0,0
53124213,0,0
17898900,0,0
84563378,0,0
69537438,0,0
89889250,0,0
54680920,0,0
77078924,0,0
52343629,0,0
83262587,0,0
41179295,0,0
93512863,0,0
98780651,0,0
47509300,0,0
87515770,0,0
78149509,0,0
69983503,0,0
98311820,0,0
12716388,0,0
85794440,0,0
63217664,0,0
55879122,0,0
14968285,1,2
87672127,0,0
75506697,0,0
44896719,0,0
54048547,0,0
49349603,0,0
98281845,0,0
47285565,0,0
23933972,0,0
23694007,1,1
96745309,0,0
36305591,0,0
27399501,0,0
83306421,0,0
51628697,0,0
87870790,0,0
77660818,0,0
27393549,0,0
55115098,0,0
23186540,0,0
90993709,0,0
57746382,0,0
62961814,0,0
98225186,0,0
47857124,0,0
43734107,0,0
91231663,0,0
12818075,0,0
45774134,0,0
65206169,0,0
36849278,0,0
32446133,0,0
64977420,0,0
85738527,0,0
76653046,0,0
45831271,0,0
62636591,0,0
30540554,0,0
46732090,0,0
85502289,0,0
29520503,0,0
94655847,0,0
20159862,0,0
50661066,0,0
43403050,0,0
72544206,0,0
54628007,0,0
63320688,0,0
49692035,0,0
77946145,0,0
52824781,0,0
64043553,0,0
32188914,0,0
16441838,0,0
78723963,0,0
70158208,0,0
43279999,0,0
44984575,0,0
62658341,0,0
50524280,0,0
66330884,0,0
28709194,0,0
10987627,0,0
76489891,1,2
25006631,0,0
94203568,0,0
13189501,0,0
89910780,0,0
61734008,0,0
37142404,0,0
10122431,0,0
11268768,0,0
18377192,1,2
33538115,0,0
60626266,0,0
39595419,0,0
40949374,0,0
43234203,0,0
76709486,0,0
28424440,0,0
76917880,0,0
70035958,0,0
33837468,0,0
69012283,0,0
47446682,0,0
78021723,0,0
41531103,0,0
93451924,0,0
27085826,0,0
86989339,0,0
40115204,0,0
10133408,0,0
99682655,0,0
89681726,0,0
44836842,1,2
17924251,0,0
98531025,0,0
79431489,0,0
50926632,0,0
22210790,0,0
50905348,0,0
82836974,0,0
54398501,0,0
81000703,0,0
36658307,1,1
73541772,0,0
20344480,0,0
81500134,0,0
76870019,0,0
74049498,0,0
91252670,0,0
78459760,0,0
78790353,0,0
19316296,0,0
66166091,0,0
85463175,0,0
27069024,0,0
94160580,0,0
14900970,0,0
53724037,0,0
74532561,0,0
11800527,0,0
63464965,0,0
63838935,0,0
89377749,1,2
54417843,0,0
57890246,0,0
23099710,0,0
76635202,0,0
61507848,0,0
35201586,0,0
42889645,0,0
45173412,0,0
89753207,1,2
31930024,0,0
37346423,0,0
58118765,1,2
69176649,1,2
40823165,0,0
55902091,0,0
79060931,0,0
86794336,0,0
62804093,0,0
94263993,0,0
40918733,1,2
40200281,0,0
91218406,0,0
96493175,0,0
99937520,0,0
71946468,0,0
60497152,0,0
93782907,0,0
11906545,0,0
65885239,0,0
39277114,0,0
21331464,0,0
68276012,0,0
68896256,1,2
93529208,0,0
42293580,0,0
42118576,0,0
89327736,0,0
75989176,0,0
74698900,0,0
64507218,0,0
53482218,0,0
77896634,0,0
79332380,0,0
50795248,1,2
56756603,0,0
36144712,0,0
97503297,0,0
70866811,0,0
23388339,1,1
30287072,0,0
12571324,0,0
93249608,0,0
46796328,0,0
25961750,0,0
26562768,0,0
26343815,0,0
73002523,0,0
93057557,0,0
27737105,0,0
15971552,0,0
68052753,0,0
24040875,0,0
67353308,0,0
91256518,0,0
52090528,0,0
66363499,0,0
92165028,1,2
45607920,0,0
24159031,0,0
12607163,0,0
66604499,0,0
74029670,0,0
71934450,1,2
38426318,0,0
46506814,0,0
48005694,0,0
53337100,0,0
93938006,0,0
71730330,0,0
34165376,0,0
76251533,0,0
95184261,0,0
86057993,0,0
16703189,0,0
33191755,0,0
43654977,0,0
10362489,0,0
64713630,1,1
46721875,0,0
66771258,0,0
78097078,1,2
98010161,0,0
32205865,1,1
32934255,0,0
34245508,0,0
31003130,0,0
38244018,0,0
24757056,0,0
28035797,0,0
41947423,0,0
80046669,1,2
87145165,0,0
95575261,0,0
58389869,0,0
98810714,1,1
29709280,0,0
22489218,0,0
50365968,1,2
69971451,0,0
74559688,0,0
81831078,0,0
20385308,0,0
47820146,0,0
86392657,0,0
21869438,0,0
93215617,0,0
49277266,0,0
57468457,0,0
49726727,0,0
68636608,0,0
43520380,0,0
92553510,0,0
84701738,1,2
24841601,0,0
82430708,0,0
90128358,0,0
12730105,0,0
57991127,0,0
10780629,0,0
26241596,0,0
37117910,0,0
50099305,0,0
93620974,0,0
91323454,0,0
14099065,1,2
15054188,0,0
13672670,0,0
52995355,0,0
45466181,0,0
43395362,0,0
70253770,0,0
21025020,0,0
43598790,0,0
24361821,0,0
54863244,0,0
73275262,0,0
58875884,0,0
96053916,0,0
61141869,0,0
19798433,0,0
69589827,0,0
99431450,0,0
47264079,0,0
11783639,0,0
28184803,0,0
64085409,0,0
18604665,0,0
40606022,0,0
57248791,0,0
94600119,0,0
80686357,1,1
67254260,0,0
86691704,0,0
65516532,0,0
16033650,0,0
99386321,0,0
75705730,0,0
12968487,0,0
41466763,0,0
67053072,0,0
60451852,0,0
89476616,0,0
77993819,0,0
62682151,1,1
40835169,1,2
63284706,1,2
57104286,0,0
33028695,0,0
24503151,0,0
73674878,0,0
57747859,0,0
55458055,0,0
74798652,0,0
82445502,0,0
90963996,0,0
87627407,0,0
89242516,0,0
55308162,1,2
10516255,0,0
36472893,0,0
44898518,0,0
57220105,0,0
61230206,0,0
51009715,0,0
45187803,1,1
13922548,1,2
17931771,1,2
11289897,0,0
27106741,1,2
45738685,0,0
52586699,0,0
40763965,0,0
16988913,0,0
39087706,0,0
86878953,0,0
28692712,0,0
58928281,0,0
13967068,0,0
51173664,0,0
97432193,0,0
81222190,0,0
35759665,0,0
13799921,1,2
85727104,0,0
49268527,0,0
17968026,0,0
91943052,0,0
60671523,1,2
30305703,1,2
53677917,0,0
73938328,0,0
29713931,0,0
53091572,0,0
31332487,0,0
17036459,0,0
15014304,0,0
65585146,0,0
82590315,0,0
39730524,0,0
94247311,0,0
79215634,0,0
89468450,0,0
14009447,0,0
26930787,0,0
55366945,0,0
47806308,0,0
15068141,0,0
95204489,0,0
22420934,0,0
87538246,0,0
83275175,0,0
20923472,0,0
28520658,0,0
51506434,0,0
43273949,0,0
70819217,0,0
95082422,0,0
49922286,0,0
33975601,0,0
81248127,0,0
75347867,0,0
36693338,0,0
65780989,0,0
71823048,0,0
96950168,0,0
99947913,0,0
18243462,0,0
39487102,0,0
31006132,0,0
22385668,0,0
97755550,0,0
12186366,0,0
63767976,0,0
30575148,0,0
72671209,0,0
42983249,0,0
47850069,0,0
72758742,0,0
92683902,0,0
72298277,0,0
48250022,0,0
55201833,0,0
19816242,0,0
76168241,0,0
77706863,0,0
82366085,0,0
97853353,0,0
85452913,0,0
46647158,1,1
79325619,0,0
17876911,0,0
61519956,0,0
72432865,0,0
22484437,0,0
75846272,0,0
52399425,0,0
90818887,0,0
54308973,0,0
62013427,0,0
85383719,1,2
80769571,0,0
81734601,0,0
27565716,0,0
40932332,0,0
18702592,1,1
28378203,0,0
29945738,1,2
60343854,0,0
15707657,0,0
43462517,0,0
91845875,0,0
42416421,1,1
95203119,0,0
43081884,0,0
14440921,0,0
25730458,0,0
41220190,0,0
35981053,0,0
89015262,0,0
15979695,0,0
22447990,0,0
21920192,0,0
82909862,0,0
94603680,0,0
37274393,0,0
77120067,0,0
15799965,0,0
76983185,0,0
30382386,0,0
48503226,0,0
66666133,0,0
49161409,0,0
17046790,0,0
67389097,1,2
30178811,0,0
48750277,0,0
67521297,1,2
41524918,1,1
87647962,0,0
89129580,0,0
68787953,0,0
50489573,0,0
89757339,0,0
39576202,1,2
20680218,0,0
13371227,0,0
75822979,0,0
63530606,1,2
17463305,0,0
84224928,0,0
60994747,0,0
93232011,0,0
40370536,0,0
53536969,0,0
59808904,1,2
45906563,1,1
55548531,0,0
33730998,0,0
64587072,0,0
52314429,0,0
36003264,0,0
63031049,0,0
91543990,0,0
52191784,0,0
42884378,0,0
10511203,0,0
89587277,0,0
12322112,0,0
45840003,0,0
65271266,0,0
38176622,1,2
99939001,0,0
38703926,0,0
12066777,0,0
61969118,0,0
47951285,0,0
17263243,0,0
58234382,0,0
82710306,0,0
48177794,0,0
99394843,0,0
59891442,0,0
58091640,0,0
96793170,0,0
32709213,1,2
82694573,0,0
84831910,0,0
84623146,0,0
65596760,1,2
28252914,0,0
20830518,0,0
39178063,1,2
40128883,0,0
97016200,0,0
91056205,0,0
87756823,1,1
90762876,0,0
94852025,0,0
87478483,0,0
83557832,1,1
97158402,0,0
82444072,0,0
19982241,0,0
14995194,0,0
57028541,0,0
67141121,0,0
89832144,0,0
24256646,0,0
24355128,0,0
73965769,0,0
83231473,0,0
13866127,0,0
60477414,0,0
26496721,0,0
19055145,0,0
99094651,0,0
49145270,0,0
34561464,0,0
56380973,1,2
59506171,0,0
66606762,0,0
48926932,0,0
22377563,0,0
21430047,0,0
59422945,0,0
21255387,0,0
27244856,0,0
52460664,0,0
71355855,0,0
58202216,0,0
29520036,0,0
35609950,0,0
97769699,0,0
58307562,0,0
81499094,0,0
20563286,0,0
16284806,0,0
70857717,0,0
19153556,0,0
27405847,0,0
30248891,0,0
22837654,0,0
23901987,0,0
92914398,0,0
13536560,0,0
11750142,0,0
86507773,0,0
74024176,1,2
39151840,0,0
59130233,0,0
65870515,0,0
45643090,1,1
26875020,0,0
87023799,0,0
83943646,0,0
52495736,0,0
59670232,0,0
11187517,0,0
75716788,0,0
60781043,0,0
68823463,1,2
99414895,0,0
98888296,0,0
38052144,0,0
31985879,0,0
56299649,0,0
10351547,0,0
64693458,0,0
79183683,0,0
34671552,0,0
40504559,0,0
21728721,0,0
37868211,0,0
85698262,0,0
31865520,0,0
64169749,0,0
28326005,1,2
83288634,0,0
36449618,1,2
34215492,0,0
62449916,0,0
33741578,0,0
24530295,0,0
43716884,1,2
89672270,0,0
13990591,0,0
21955998,0,0
80917355,0,0
43491189,0,0
72683062,0,0
83602494,1,2
56382013,1,2
50872927,0,0
60064944,0,0
92959775,0,0
53045463,0,0
84900156,0,0
48202986,0,0
85526552,0,0
98839017,0,0
63836238,0,0
69103109,0,0
21894894,0,0
10666283,0,0
19733674,0,0
33617172,0,0
52631499,0,0
38167351,0,0
35224068,0,0
94616982,0,0
70074188,1,2
21047881,0,0
49317676,0,0
42952751,0,0
33220100,0,0
72878260,0,0
52351107,1,1
69104153,0,0
23645109,0,0
63718763,0,0
49026209,0,0
20414258,0,0
64042011,0,0
58391584,0,0
39736777,0,0
55936231,0,0
57204612,1,2
20969906,0,0
62171991,0,0
71378383,0,0
16799931,0,0
23849257,0,0
54904194,0,0
43259250,0,0
13792714,0,0
59772658,0,0
71853871,0,0
69560609,0,0
33689956,0,0
69260210,0,0
61461826,0,0
97434969,0,0
83684056,0,0
93406496,0,0
85835302,0,0
16820542,0,0
37827091,0,0
19123625,0,0
82964042,0,0
30428612,1,2
93641919,0,0
47058909,0,0
85914616,0,0
98344538,1,2
45613034,1,2
72057370,0,0
31481377,0,0
78819169,0,0
92246123,0,0
44327216,0,0
95617550,0,0
26443864,0,0
28377144,0,0
96736031,0,0
16165517,0,0
63612439,0,0
32257815,0,0
32072814,0,0
54364571,1,2
59410456,0,0
69760068,0,0
77273228,0,0
86093315,0,0
95150256,0,0
34367487,0,0
76408244,0,0
12584996,0,0
91928332,0,0
62098390,0,0
71231072,0,0
99270862,1,2
36453605,0,0
63433266,0,0
35213165,0,0
36305192,0,0
75193172,0,0
55754178,1,2
37000888,1,2
37586331,0,0
68140279,0,0
94869594,0,0
84921254,0,0
46850857,1,1
14350917,0,0
39228911,1,2
59394644,0,0
89335388,1,2
26315988,0,0
34535730,0,0
19089478,0,0
37558070,0,0
50759224,0,0
54229057,0,0
10014305,0,0
12759326,0,0
21494965,0,0
54545800,0,0
20718111,0,0
28873498,0,0
68665958,0,0
35752344,0,0
86372766,0,0
25704461,0,0
84758794,0,0
73831892,0,0
17181390,0,0
90728219,0,0
85542329,0,0
11263750,0,0
75957960,1,2
65790940,0,0
90965545,0,0
23709069,0,0
94938025,0,0
51919217,0,0
45196292,0,0
98376207,0,0
29002787,0,0
94362191,0,0
23136634,0,0
56959848,0,0
69034777,0,0
62475920,0,0
67225733,0,0
36010865,0,0
63173022,0,0
60202686,0,0
83209456,0,0
81878730,0,0
16090583,0,0
58381912,0,0
86539857,1,2
21341806,0,0
46846976,0,0
47790956,0,0
90761287,0,0
12811589,0,0
27406479,0,0
97502781,0,0
78640428,1,2
74310546,0,0
41157477,0,0
69135075,0,0
54713528,0,0
86446777,0,0
82758933,0,0
70866567,0,0
66627353,1,2
59460355,0,0
65893705,0,0
25425621,0,0
40828942,0,0
25767629,0,0
43818831,0,0
70173124,0,0
30969285,0,0
31971378,0,0
47672929,0,0
92425075,0,0
26649324,0,0
64662339,0,0
53262847,0,0
26282099,0,0
39117397,0,0
40934213,0,0
44067420,0,0
97312301,0,0
25427784,0,0
83884189,0,0
25714990,0,0
93042790,1,1
30727484,0,0
74313165,0,0
49520938,1,2
11555434,0,0
53169037,1,2
84694170,0,0
20184976,0,0
60569981,0,0
70857517,0,0
92885848,0,0
45841225,0,0
87377393,0,0
14687656,0,0
56811635,0,0
25911521,0,0
41802191,0,0
98726082,0,0
75247448,0,0
63707871,0,0
18599314,0,0
17220181,0,0
56302476,0,0
71199209,0,0
65259439,0,0
73888903,0,0
78587411,0,0
22141201,0,0
55804436,1,2
98536252,0,0
22399850,0,0
65812075,0,0
51840055,0,0
66838191,0,0
15026610,0,0
91491093,0,0
37453670,0,0
68262745,0,0
67874867,1,2
34781657,1,2
29334180,0,0
79392978,0,0
41434920,0,0
98576934,1,1
35665305,1,1
95992908,1,2
97065302,0,0
74655736,0,0
11484480,0,0
45272885,0,0
95781737,0,0
83768481,0,0
61838744,0,0
20827938,0,0
81357349,0,0
61352715,0,0
17477935,0,0
36269579,0,0
70045978,0,0
36480892,0,0
62412714,0,0
68470491,0,0
58471583,0,0
60315671,0,0
64667231,0,0
47214417,0,0
58373123,0,0
79284207,0,0
74749241,0,0
90747732,1,1
55371668,0,0
26496402,0,0
73462074,0,0
16842829,0,0
93088752,1,2
59869143,0,0
62976220,0,0
20689755,0,0
93031136,0,0
45698083,0,0
42243444,0,0
47836802,0,0
81652879,0,0
74212378,0,0
50419952,0,0
56166157,0,0
60259417,1,1
56904514,0,0
72394079,0,0
35373903,0,0
63130775,0,0
96427307,0,0
60605109,0,0
31902159,0,0
12032216,0,0
85979326,0,0
40781363,1,2
42277955,0,0
70470796,1,1
73445093,0,0
72535098,0,0
86949040,0,0
88252031,0,0
22848621,0,0
30806303,1,2
61593390,0,0
23260926,1,2
52446008,0,0
19901351,0,0
76788390,0,0
87403651,0,0
20857689,0,0
48080095,0,0
23930092,0,0
63404992,0,0
96262738,0,0
35530352,1,2
83041581,0,0
62975788,0,0
75916126,0,0
63687909,1,2
28548874,1,2
46935640,0,0
30393855,0,0
61828471,0,0
32143025,0,0
82994345,0,0
20070345,0,0
42345063,0,0
33014042,1,2
10960577,0,0
62866695,0,0
84792898,0,0
89251615,0,0
62346942,0,0
13536551,0,0
16845021,0,0
76913878,0,0
38571274,0,0
87645528,0,0
50697472,0,0
56847638,0,0
44444882,0,0
35708779,0,0
64389601,0,0
36886030,0,0
78955267,0,0
94540933,0,0
55984425,0,0
89676417,1,2
76333382,0,0
20223178,0,0
51837161,1,2
42917798,0,0
22206385,0,0
54783073,0,0
34307867,0,0
82363891,0,0
64085859,1,2
83465568,1,2
85685853,1,2
65040959,0,0
47850200,0,0
45397069,0,0
10840228,0,0
37459651,0,0
89998860,0,0
33573543,0,0
24356398,0,0
79903711,1,2
73248767,0,0
75879375,0,0
74601348,0,0
42839490,0,0
21570634,0,0
51490945,0,0
37169586,0,0
47326142,1,1
14751399,0,0
86205915,0,0
88433688,0,0
98960228,0,0
19020850,1,2
82209239,0,0
21731617,0,0
84529457,0,0
84003315,0,0
13767377,0,0
15507336,0,0
90008761,0,0
42359617,0,0
89844635,0,0
42604150,0,0
18392221,0,0
95766410,0,0
24526053,0,0
91471641,0,0
65976691,0,0
27547552,1,2
94297065,0,0
56016665,0,0
13845653,0,0
78789092,0,0
81599061,0,0
92320717,0,0
99433752,1,1
29324917,0,0
48590392,0,0
22294770,0,0
42060667,0,0
43773989,0,0
71347543,0,0
34924331,1,2
88345116,1,2
50341313,0,0
44996815,0,0
30594061,0,0
50303406,0,0
43193480,0,0
54850064,0,0
21943286,0,0
57812288,0,0
93578649,0,0
30560308,0,0
97627628,0,0
79429608,0,0
50816134,0,0
47467859,0,0
52487776,0,0
33020965,0,0
15836709,0,0
92437781,0,0
44251027,0,0
16885828,0,0
34833807,0,0
78881682,0,0
20483261,0,0
18241616,0,0
51395966,0,0
74419867,0,0
80033160,0,0
97086476,0,0
81410617,0,0
64207268,0,0
99498612,0,0
71957033,0,0
85659575,1,2
26923260,0,0
22818981,0,0
76700223,0,0
33509354,0,0
86126119,0,0
30833335,0,0
50392450,0,0
29228321,0,0
40634368,1,2
97264452,0,0
27942436,0,0
33808319,0,0
22794401,0,0
45232020,0,0
18191583,1,1
18113049,0,0
69636068,0,0
19990784,0,0
60858041,0,0
44514239,0,0
77582262,0,0
42361752,1,2
46942978,1,2
91209350,1,1
61193485,0,0
20520692,0,0
93610215,1,2
84358880,0,0
71573235,1,2
88298381,0,0
52337344,0,0
88101203,1,2
49279445,0,0
13128516,0,0
99679234,0,0
43057107,0,0
28692984,1,2
25668085,0,0
67913683,0,0
80678378,0,0
29753402,0,0
22918623,0,0
22970195,0,0
68855278,1,1
36661064,0,0
34779319,0,0
74367547,1,1
31479516,1,2
54998930,0,0
57761033,1,2
16742602,0,0
50540870,0,0
26252123,0,0
57788642,0,0
54273161,1,1
21981709,0,0
83420206,0,0
37144234,0,0
64020399,0,0
94316943,0,0
30505655,1,1
52407989,0,0
17083786,0,0
44548315,0,0
15902898,0,0
30551854,0,0
56343469,0,0
29452390,0,0
89840035,1,2
75886785,0,0
30189022,0,0
81501812,0,0
20559437,0,0
91629337,0,0
87231517,0,0
64160153,0,0
31944298,0,0
31363489,0,0
49156946,0,0
51334804,0,0
11100368,0,0
40152407,0,0
17807879,0,0
67041982,0,0
57394699,0,0
91889549,0,0
68762571,0,0
39496735,0,0
88198289,0,0
46336996,0,0
70365738,1,2
18644431,0,0
80574765,0,0
82430307,0,0
92264992,0,0
79827041,0,0
18141534,0,0
67157399,0,0
71998777,0,0
57092603,0,0
20207407,0,0
32042292,0,0
16974971,0,0
64477038,0,0
49871675,0,0
62320263,0,0
81281614,0,0
14448836,0,0
54450113,0,0
76489158,0,0
59493172,0,0
26476675,0,0
64549168,0,0
76850626,0,0
15425285,0,0
75717355,0,0
14441381,1,2
85504290,0,0
62885367,0,0
56542002,0,0
14801439,1,2
73576388,0,0
64599475,0,0
37724965,0,0
33437432,0,0
32264708,0,0
42174850,1,2
44648642,0,0
55612791,0,0
53133065,0,0
49682822,0,0
58138491,0,0
64930804,0,0
45439425,0,0
96009016,0,0
13209243,0,0
69339931,0,0
10113232,0,0
45459228,0,0
59783122,0,0
57395978,0,0
45281119,0,0
76238188,0,0
16802671,0,0
88053586,0,0
34218812,1,2
93686061,0,0
44227766,0,0
24903866,0,0
51179348,0,0
19435655,0,0
67369919,0,0
99408582,0,0
71346126,0,0
58922204,0,0
29657772,0,0
81426697,0,0
73864610,0,0
97575754,0,0
83622460,0,0
16519096,1,2
65408507,0,0
47683873,0,0
11546768,0,0
32118609,1,2
68661958,0,0
32824114,0,0
75704847,0,0
31093784,0,0
10289674,0,0
74690624,0,0
66462029,0,0
42982170,0,0
86271462,0,0
51867523,0,0
50288062,0,0
42459776,1,1
29785144,0,0
93320880,1,2
47424100,0,0
22494473,0,0
80233357,0,0
47525885,0,0
31457933,0,0
52200662,0,0
33580037,0,0
17701263,0,0
25293412,0,0
25512129,0,0
95037119,0,0
38837980,0,0
70595507,0,0
23578194,1,2
30284406,0,0
63763304,0,0
74401536,0,0
80770774,0,0
64523184,0,0
53188465,0,0
65646506,0,0
37173514,0,0
85315068,0,0
12501134,0,0
86746566,0,0
95041985,0,0
47061567,0,0
29613565,0,0
87393086,0,0
31992779,0,0
67224541,0,0
85356091,0,0
14743332,0,0
71647724,0,0
71742988,0,0
30056486,0,0
58221285,0,0
44707321,0,0
51991340,0,0
17495027,0,0
63659873,0,0
34530566,0,0
13406523,0,0
62972219,0,0
19280935,0,0
45981593,0,0
87560513,0,0
61104947,0,0
61749320,0,0
60395950,0,0
25643055,0,0
79654135,0,0
94174709,0,0
18192897,0,0
10376976,1,2
16176974,0,0
12792667,0,0
40696796,0,0
92732741,0,0
85837933,0,0
38729431,0,0
58757150,0,0
50395438,0,0
59321898,0,0
88189766,1,2
39051769,0,0
53185933,0,0
75436782,0,0
72510538,0,0
60057449,0,0
31652484,0,0
87119765,0,0
32938896,0,0
87066631,0,0
99201431,0,0
39243343,1,2
11851198,0,0
40766819,0,0
94137779,0,0
68718328,0,0
75466054,0,0
24740410,1,2
96249688,1,1
78369362,0,0
81154022,0,0
39934489,0,0
76107955,1,1
11900533,0,0
71643380,0,0
32702231,0,0
80911022,0,0
38653026,0,0
49041117,0,0
62373445,0,0
85590211,0,0
97594761,0,0
16982527,0,0
29315139,0,0
51182236,0,0
43534027,0,0
89966126,0,0
38382125,0,0
13874783,0,0
23821746,0,0
72524491,0,0
85009343,0,0
39001442,0,0
21848968,0,0
28391526,0,0
11757259,0,0
90687645,0,0
51858147,0,0
17874713,0,0
77616613,0,0
79866279,0,0
97444961,0,0
93133655,0,0
63527098,0,0
71954547,0,0
66513233,0,0
86950487,0,0
49470220,0,0
55003878,1,1
17694097,0,0
99764042,0,0
15040455,1,1
62459537,0,0
90351208,1,2
46591624,0,0
16276999,0,0
94159182,0,0
62916712,0,0
58987796,0,0
67362760,0,0
88014311,0,0
62067471,1,2
24201863,0,0
11303170,0,0
81366928,0,0
14711407,0,0
74572043,0,0
39199175,0,0
62738711,0,0
40673573,0,0
27355150,0,0
77252267,0,0
19033183,0,0
83463632,0,0
79184273,0,0
84105049,0,0
38708881,0,0
41078977,0,0
98732259,1,2
48229897,0,0
73110448,0,0
48582536,0,0
41491801,0,0
95260394,0,0
79211636,0,0
22574485,0,0
87146666,0,0
32946098,0,0
83276758,0,0
58354088,0,0
43439716,0,0
76046508,0,0
37716080,0,0
63688394,0,0
93959470,0,0
11277710,0,0
24602675,0,0
88693623,1,2
16635074,0,0
43919101,0,0
29832185,0,0
80988511,0,0
82964196,1,2
31280946,0,0
87704390,0,0
87881514,0,0
28047897,0,0
96594956,0,0
73742437,0,0
13792191,0,0
32599278,0,0
76910926,0,0
35986884,0,0
78170094,0,0
28501896,1,2
95967736,0,0
53009653,0,0
63000379,0,0
50027170,0,0
63619003,0,0
73804828,0,0
32030242,0,0
88562089,0,0
75206591,0,0
20519386,0,0
45737883,0,0
97550650,0,0
63694635,0,0
93156775,0,0
29523223,0,0
48722369,0,0
57432935,0,0
87109563,0,0
13310195,0,0
37181337,0,0
39963514,0,0
24656692,0,0
53115322,0,0
60912855,1,2
83603483,0,0
88745802,0,0
57253833,0,0
30111366,0,0
14719723,0,0
53365723,0,0
56668443,0,0
42858138,0,0
47506985,0,0
32868534,0,0
22490540,0,0
28254381,0,0
60581498,0,0
90958322,1,2
33936725,0,0
44631790,1,2
60337318,1,2
98330059,0,0
80984267,0,0
60639577,1,1
82844880,0,0
42761024,0,0
45295172,0,0
91205710,0,0
21805995,0,0
32288286,0,0
52611733,0,0
48774224,0,0
63606003,0,0
31355681,0,0
95498339,0,0
29638002,0,0
66614641,0,0
86438848,0,0
63799684,0,0
60195890,0,0
22331751,0,0
60613345,0,0
65308193,0,0
37017782,0,0
96335339,0,0
70459248,0,0
58564337,0,0
62741477,0,0
86426730,0,0
46657871,0,0
79898882,0,0
75791606,0,0
80172871,0,0
51156647,1,2
40464037,0,0
32253926,0,0
36616345,0,0
71695038,0,0
18582645,0,0
96547486,1,2
55577933,1,2
37287759,1,2
51748265,0,0
29618898,0,0
98304639,0,0
71991510,0,0
22753485,0,0
41731123,0,0
25874992,0,0
88403566,0,0
80850929,0,0
45896369,0,0
21543655,0,0
59756969,0,0
41708274,0,0
96259795,0,0
88886005,0,0
21061384,0,0
40142815,0,0
89369065,0,0
67828228,0,0
50140040,0,0
79148162,0,0
22162218,0,0
16635335,0,0
90221150,0,0
70552292,0,0
60772642,0,0
62779058,0,0
28578113,0,0
23452281,0,0
47751292,0,0
85861908,0,0
91794901,0,0
78351698,0,0
54955503,0,0
12504474,0,0
19587255,1,2
54812119,0,0
48767444,0,0
16624081,0,0
84608210,0,0
78833804,0,0
36438587,0,0
25192914,0,0
96984750,0,0
67762723,0,0
88509789,0,0
36137841,1,2
81999219,0,0
47781014,0,0
31168128,0,0
43390277,0,0
57124262,0,0
39174866,0,0
64164308,0,0
86514820,0,0
26774395,0,0
23526964,1,1
74649804,0,0
14296517,0,0
41363943,0,0
50959825,0,0
21375964,0,0
95866382,0,0
64028312,0,0
17260832,0,0
46580324,0,0
54001987,0,0
74322633,0,0
62963347,0,0
36547467,0,0
96532951,0,0
60454395,0,0
41891983,0,0
81467162,0,0
82533744,0,0
11618746,0,0
19910704,0,0
38012703,0,0
98670621,0,0
62850772,0,0
27100110,0,0
43869254,0,0
99994167,0,0
58476079,0,0
74292271,0,0
11527044,0,0
26126914,0,0
37860937,0,0
92689535,0,0
86104277,0,0
13876058,0,0
95917713,0,0
79976339,0,0
88148776,0,0
51164612,0,0
95903411,0,0
63801388,0,0
48054963,0,0
11083722,1,1
92254951,0,0
12985798,0,0
61273547,0,0
91113014,0,0
14144553,0,0
36932914,0,0
60752772,0,0
87758269,0,0
50928754,0,0
41687106,0,0
12365255,0,0
29538645,1,2
69215879,0,0
56238820,0,0
79530815,0,0
76747483,0,0
13196779,0,0
45142812,0,0
90690372,0,0
80330664,1,2
64483427,0,0
30391938,0,0
82263036,0,0
40619518,0,0
97486460,0,0
69911301,0,0
20100512,0,0
34674856,0,0
81136866,0,0
26405224,0,0
30112534,0,0
24130091,0,0
49235208,0,0
40481628,0,0
88361320,0,0
40004797,0,0
20719683,0,0
73379876,1,2
93318566,0,0
65506888,0,0
65541674,0,0
64680196,1,2
37935088,0,0
25087542,0,0
41644611,1,2
32884478,0,0
96187642,0,0
88890298,0,0
16845446,0,0
52958993,0,0
26045824,0,0
39330199,1,2
24358264,0,0
20696083,0,0
13589530,0,0
10660807,0,0
71362858,1,2
25646435,0,0
18717515,0,0
60483588,0,0
40116045,0,0
80898540,0,0
29608695,0,0
27944387,0,0
55299329,0,0
62138135,0,0
62875204,0,0
79466623,0,0
85332679,0,0
58430523,0,0
25922306,0,0
83075866,0,0
35355684,0,0
15406625,1,2
22196358,0,0
17000416,0,0
24935266,0,0
59015963,0,0
29749456,1,2
39910903,0,0
84713093,0,0
75327372,0,0
35141069,0,0
26157854,0,0
29521763,0,0
13574145,0,0
14574426,0,0
13093324,0,0
22993626,1,2
74473694,0,0
94627087,0,0
17284504,0,0
88222729,0,0
93577129,0,0
77218612,0,0
80815169,1,1
75339758,0,0
96803368,0,0
50085760,0,0
41468243,0,0
85696847,0,0
51693400,0,0
95928277,0,0
40690500,0,0
87177713,0,0
63706339,0,0
79525299,0,0
81246890,0,0
53646414,0,0
11234805,0,0
97452078,1,2
41148827,0,0
87059671,0,0
18846254,0,0
48177011,0,0
67615452,0,0
94334702,0,0
81399282,0,0
18901614,0,0
49631011,0,0
68608612,0,0
38808708,0,0
20720273,0,0
69803012,0,0
83161050,0,0
89664892,0,0
69864239,0,0
98271185,0,0
53029084,0,0
91747367,0,0
61609498,0,0
94000309,0,0
89803037,0,0
89001219,0,0
22501034,0,0
38702245,0,0
62818891,0,0
25523627,0,0
20162611,0,0
89297944,1,2
41968393,0,0
21898261,0,0
58558789,0,0
30696925,0,0
60159110,1,2
89850959,0,0
16556727,0,0
38287672,0,0
58346480,0,0
16554126,0,0
50337552,0,0
61875014,0,0
74708482,1,2
15792210,0,0
30559279,0,0
43646577,0,0
72742323,0,0
12169723,0,0
23848117,0,0
28363670,0,0
82209729,0,0
61916855,0,0
64651243,0,0
26533203,0,0
71731025,0,0
36113793,0,0
49605830,0,0
18890441,0,0
79709092,0,0
11115835,0,0
80428403,1,2
34827799,0,0
12512464,0,0
68100485,0,0
64690009,0,0
69460121,0,0
84756573,1,2
57059130,0,0
67634184,0,0
40282866,0,0
82424761,0,0
63485207,0,0
78507414,0,0
70656036,0,0
51960067,0,0
31006127,0,0
58688913,0,0
81560701,1,1
19210949,0,0
54957655,0,0
56216204,0,0
21185574,1,2
34885680,0,0
68760877,0,0
77909539,0,0
96119123,0,0
71405310,0,0
23023692,0,0
25016193,0,0
63775546,0,0
99376933,0,0
79875696,0,0
57971591,0,0
32405535,0,0
45411340,0,0
35790645,0,0
98021144,0,0
94724158,0,0
78226096,0,0
27420564,0,0
76987174,0,0
12890835,1,2
80632122,0,0
34094807,0,0
64785080,0,0
57651632,0,0
62823595,0,0
93173326,0,0
95940366,0,0
30771179,0,0
64382672,0,0
89442336,0,0
92212214,0,0
27895041,0,0
87830759,0,0
62395171,0,0
49129160,0,0
99112959,0,0
10828783,0,0
16188967,0,0
79364035,0,0
85832902,1,2
29823773,0,0
44201181,0,0
42309950,0,0
50252940,0,0
67880527,0,0
50045544,0,0
81590265,0,0
97168706,0,0
81864053,0,0
77904454,0,0
15948065,0,0
79991000,0,0
49557221,0,0
90898649,0,0
36950007,0,0
41137348,0,0
67037660,0,0
10688483,1,1
34817278,0,0
54986663,0,0
89653615,1,1
34737796,0,0
29004606,0,0
19393071,0,0
